Name,ISO 639-3,Genus,Family,Macroarea,Latitude,Longitude,Countries
!X��,nmn,Tu,Tu,Africa,-24.0,21.5,Botswana
!Xun (Ekoka),knw,Ju-Kung,Kxa,Africa,-19.67,18.0,Angola
Aari,aiw,South Omotic,Afro-Asiatic,Africa,6.0,36.58,Ethiopia
Abau,aau,Upper Sepik,Sepik,Papunesia,-4.0,141.25,Papua New Guinea
Abidji,abi,Kwa,Niger-Congo,Africa,5.67,-4.58,C�te d'Ivoire
Abip�n,axb,South Guaicuruan,Guaicuruan,South America,-29.0,-61.0,Argentina
Abkhaz,abk,Northwest Caucasian,Northwest Caucasian,Eurasia,43.08,41.0,Georgia
Acehnese,ace,Malayo-Sumbawan,Austronesian,Eurasia,5.5,95.5,Indonesia
Achagua,aca,Inland Northern Arawakan,Arawakan,South America,4.42,-72.25,Colombia
Achang,acn,Burmese-Lolo,Sino-Tibetan,Eurasia,25.0,98.5,China
Ach�,guq,Tupi-Guaran�,Tupian,South America,-25.25,-55.17,Paraguay
Acholi,ach,Nilotic,Eastern Sudanic,Africa,3.0,32.67,Uganda
Achuar,acu,Jivaroan,Jivaroan,South America,-2.67,-76.0,Peru
Achumawi,acv,Palaihnihan,Hokan,North America,41.5,-121.0,United States
Acoma,kjq,Keresan,Keresan,North America,34.92,-107.58,United States
Adang,adn,Greater Alor,Timor-Alor-Pantar,Papunesia,-8.2,124.0,Indonesia
Adioukrou,adj,Kwa,Niger-Congo,Africa,5.42,-4.58,C�te d'Ivoire
Adyghe (Abzakh),ady,Northwest Caucasian,Northwest Caucasian,Eurasia,45.23,40.58,Russia
Adyghe (Shapsugh),ady,Northwest Caucasian,Northwest Caucasian,Eurasia,45.0,38.75,Russia
Adyghe (Temirgoy),ady,Northwest Caucasian,Northwest Caucasian,Eurasia,45.22,39.7,Russia
Adynyamathanha,adt,Central Pama-Nyungan,Pama-Nyungan,Australia,-30.5,139.5,Australia
Adzera,adz,Oceanic,Austronesian,Papunesia,-6.25,146.25,Papua New Guinea
Afrikaans,afr,Germanic,Indo-European,Africa,-31.0,22.0,South Africa
Aghem,agq,Bantoid,Niger-Congo,Africa,6.67,10.0,Cameroon
Agta (Dupaningan),duo,Greater Central Philippine,Austronesian,Papunesia,18.0,122.08,Philippines
Aguaruna,agr,Jivaroan,Jivaroan,South America,-5.0,-78.0,Peru
Ahtna,aht,Athapaskan,Na-Dene,North America,62.0,-145.0,United States
Aikan�,tba,Aikan�,Aikan�,South America,-12.67,-60.67,Brazil
Ainu,ain,Ainu,Ainu,Eurasia,43.0,143.0,Japan
Aizi,ahp,Kru,Niger-Congo,Africa,5.25,-4.5,C�te d'Ivoire
Aja,aja,Kresh,Central Sudanic,Africa,7.33,25.67,Central African Republic
Ajagbe,ajg,Kwa,Niger-Congo,Africa,7.0,1.75,Benin
Akan,aka,Kwa,Niger-Congo,Africa,6.5,-1.25,Ghana
Akawaio,ake,Cariban,Cariban,South America,6.0,-59.5,Guyana
Akha,ahk,Burmese-Lolo,Sino-Tibetan,Eurasia,21.83,99.83,China
Aklanon,akl,Greater Central Philippine,Austronesian,Papunesia,11.58,122.33,Philippines
Alabama,akz,Muskogean,Muskogean,North America,32.33,-87.42,United States
Alamblak,amp,Sepik Hill,Sepik,Papunesia,-4.67,143.33,Papua New Guinea
Alawa,alh,Alawa,Mangarrayi-Maran,Australia,-15.17,134.25,Australia
Aleut,ale,Aleut,Eskimo-Aleut,North America,54.0,-166.0,United States
Aleut (Eastern),ale,Aleut,Eskimo-Aleut,North America,54.75,-164.0,United States
Alladian,ald,Kwa,Niger-Congo,Africa,5.17,-4.33,C�te d'Ivoire
Alsatian,gsw,Germanic,Indo-European,Eurasia,48.5,7.5,France
Alutor,alr,Northern Chukotko-Kamchatkan,Chukotko-Kamchatkan,Eurasia,61.0,165.0,Russia
Alyawarra,aly,Central Pama-Nyungan,Pama-Nyungan,Australia,-22.5,135.0,Australia
Amahuaca,amc,Panoan,Panoan,South America,-10.5,-72.5,Brazil
Amanab,amn,Border,Border,Papunesia,-3.58,141.25,Papua New Guinea
Amarakaeri,amr,Harakmbet,Harakmbet,South America,-12.5,-70.5,Peru
Ambulas,abt,Ndu,Sepik,Papunesia,-3.83,143.0,Papua New Guinea
Amdo,adx,Bodic,Sino-Tibetan,Eurasia,35.0,100.0,China
Amdo (Themchen),adx,Bodic,Sino-Tibetan,Eurasia,38.0,98.0,Nepal
Amele,aey,Madang,Trans-New Guinea,Papunesia,-5.25,145.58,Papua New Guinea
Amharic,amh,Semitic,Afro-Asiatic,Africa,10.0,38.0,Ethiopia
Amo,amo,Kainji,Niger-Congo,Africa,10.33,8.67,Nigeria
Amuesha,ame,Yanesha',Arawakan,South America,-10.5,-75.42,Peru
Amuzgo,amu,Amuzgoan,Oto-Manguean,North America,16.83,-98.0,Mexico
Andi,ani,Avar-Andic-Tsezic,Nakh-Daghestanian,Eurasia,42.75,46.25,Russia
Andoke,ano,Andoke,Andoke,South America,-0.67,-72.0,Colombia
Anejom,aty,Oceanic,Austronesian,Papunesia,-20.2,169.8,Vanuatu
Angaataha,agm,Angan,Trans-New Guinea,Papunesia,-7.22,146.25,Papua New Guinea
Angas,anc,West Chadic,Afro-Asiatic,Africa,9.5,9.5,Nigeria
Angolar,aoa,Creoles and Pidgins,other,Africa,0.25,6.5,S�o Tom� e Pr�ncipe
Anguthimri,lnj,Northern Pama-Nyungan,Pama-Nyungan,Australia,-12.33,141.83,Australia
Anindilyakwa,aoi,Anindilyakwa,Gunwinyguan,Australia,-14.0,136.5,Australia
Anufo,cko,Kwa,Niger-Congo,Africa,10.08,0.25,Togo
Anyi,any,Kwa,Niger-Congo,Africa,7.0,-3.5,C�te d'Ivoire
Anywa,anu,Nilotic,Eastern Sudanic,Africa,8.0,33.5,Ethiopia
Ao,njo,Kuki-Chin,Sino-Tibetan,Eurasia,26.58,94.67,India
Apache (Chiricahua),apm,Athapaskan,Na-Dene,North America,33.25,-108.0,United States
Apache (Jicarilla),apj,Athapaskan,Na-Dene,North America,36.58,-104.0,United States
Apala�,apy,Cariban,Cariban,South America,0.0,-54.0,Brazil
Apatani,apt,Tani,Sino-Tibetan,Eurasia,27.5,93.75,India
Apinay�,apn,Ge-Kaingang,Macro-Ge,South America,-5.5,-48.0,Brazil
A-Pucikwar,apq,Great Andamanese,Great Andamanese,Eurasia,12.17,92.83,India
Apurin�,apu,Purus,Arawakan,South America,-9.0,-67.0,Brazil
Arabana,ard,Central Pama-Nyungan,Pama-Nyungan,Australia,-28.25,136.25,Australia
Arabela,arl,Zaparoan,Zaparoan,South America,-2.0,-75.17,Peru
Arabic (Eastern Libyan),ayl,Semitic,Afro-Asiatic,Africa,32.0,22.0,Libya
Arabic (Egyptian),arz,Semitic,Afro-Asiatic,Africa,30.0,31.0,Egypt
Arabic (Modern Standard),arb,Semitic,Afro-Asiatic,Eurasia,25.0,42.0,Kuwait
Arabic (Moroccan),ary,Semitic,Afro-Asiatic,Africa,34.0,-6.0,Morocco
Arandai,jbj,South Bird's Head Proper,South Bird's Head,Papunesia,-2.08,133.0,Indonesia
Araona,aro,Tacanan,Tacanan,South America,-12.33,-67.75,Bolivia
Arawak,arw,Caribbean Arawakan,Arawakan,South America,5.5,-55.17,Suriname
Arbore,arv,Lowland East Cushitic,Afro-Asiatic,Africa,5.0,36.75,Ethiopia
Archi,aqc,Lezgic,Nakh-Daghestanian,Eurasia,42.0,46.83,Russia
Armenian (Eastern),hye,Armenian,Indo-European,Eurasia,40.0,45.0,Armenia
Armenian (Iranian),hye,Armenian,Indo-European,Eurasia,32.67,51.67,Iran
Armenian (Western),hye,Armenian,Indo-European,Eurasia,38.5,43.5,Turkey
Arrernte (Mparntwe),aer,Central Pama-Nyungan,Pama-Nyungan,Australia,-24.0,136.0,Australia
Arrernte (Western),are,Central Pama-Nyungan,Pama-Nyungan,Australia,-24.0,132.5,Australia
Asmat,tml,Asmat-Kamoro,Trans-New Guinea,Papunesia,-5.5,138.5,Indonesia
Assamese,asm,Indic,Indo-European,Eurasia,26.0,93.0,India
Asturian,ast,Romance,Indo-European,Eurasia,43.25,-6.0,Spain
Asurin�,asu,Tupi-Guaran�,Tupian,South America,-3.5,-49.5,Brazil
Atacame�o,kuz,Kunza,Kunza,South America,-23.0,-69.0,Chile
Atayal,tay,Atayalic,Austronesian,Papunesia,24.5,121.33,Taiwan
Au,avt,Wapei-Palei,Torricelli,Papunesia,-3.58,142.08,Papua New Guinea
Auyana,auy,Eastern Highlands,Trans-New Guinea,Papunesia,-6.5,145.75,Papua New Guinea
Avar,ava,Avar-Andic-Tsezic,Nakh-Daghestanian,Eurasia,42.5,46.5,Azerbaijan
Avatime,avn,Kwa,Niger-Congo,Africa,6.83,0.42,Ghana
Avikam,avi,Kwa,Niger-Congo,Africa,5.17,-5.5,C�te d'Ivoire
Avokaya,avu,Moru-Ma'di,Central Sudanic,Africa,4.67,30.0,Democratic Republic of Congo
Awa Pit,kwi,Barbacoan,Barbacoan,South America,1.5,-78.25,Ecuador
Awadhi,awa,Indic,Indo-European,Eurasia,27.5,81.5,India
Awngi,awn,Central Cushitic,Afro-Asiatic,Africa,10.83,36.67,Ethiopia
Awtuw,kmn,Ram,Sepik,Papunesia,-3.58,142.0,Papua New Guinea
Ayoreo,ayo,Zamucoan,Zamucoan,South America,-20.25,-59.25,Paraguay
Azari (Iranian),azb,Turkic,Altaic,Eurasia,37.5,47.0,Iran
Babole,bvx,Bantoid,Niger-Congo,Africa,1.08,17.25,Congo
Babungo,bav,Bantoid,Niger-Congo,Africa,6.12,10.42,Cameroon
Bachamal,wdj,Anson Bay,Anson Bay,Australia,-13.17,130.17,Australia
Badaga,bfq,Southern Dravidian,Dravidian,Eurasia,11.67,76.75,India
Bade,bde,West Chadic,Afro-Asiatic,Africa,12.83,10.5,Nigeria
Badimaya,bia,Western Pama-Nyungan,Pama-Nyungan,Australia,-27.67,118.0,Australia
Bafia,ksf,Bantoid,Niger-Congo,Africa,5.0,11.17,Cameroon
Bafut,bfd,Bantoid,Niger-Congo,Africa,6.25,9.92,Cameroon
Baga Sitemu,bsp,Mel,Niger-Congo,Africa,10.5,-14.5,Guinea
Bagirmi,bmi,Bongo-Bagirmi,Central Sudanic,Africa,11.67,16.0,Chad
Bagiro,fuu,Bongo-Bagirmi,Central Sudanic,Africa,4.33,20.58,Central African Republic
Bai,bca,Bai,Sino-Tibetan,Eurasia,26.0,100.0,China
Bajau (Sama),bdl,Sama-Bajaw,Austronesian,Papunesia,-4.33,123.0,Indonesia
Bajau (West Coast),bdr,Sama-Bajaw,Austronesian,Papunesia,6.33,116.33,Malaysia
Baka (in Cameroon),bkc,Ubangi,Niger-Congo,Africa,2.58,13.58,Cameroon
Baka (in South Sudan),bdh,Bongo-Bagirmi,Central Sudanic,Africa,4.83,29.25,South Sudan
Bakair�,bkq,Cariban,Cariban,South America,-14.0,-55.0,Brazil
Bakueri,bri,Bantoid,Niger-Congo,Africa,4.25,9.25,Cameroon
Bakundu,bdu,Bantoid,Niger-Congo,Africa,4.83,9.33,Cameroon
Balinese,ban,Malayo-Sumbawan,Austronesian,Papunesia,-8.33,115.25,Indonesia
Balti,bft,Bodic,Sino-Tibetan,Eurasia,35.0,76.0,Pakistan
Baluchi,bgp,Iranian,Indo-European,Eurasia,28.0,62.0,Pakistan
Bambara,bam,Western Mande,Mande,Africa,12.5,-7.5,Mali
Bamun,bax,Bantoid,Niger-Congo,Africa,5.5,10.92,Cameroon
Bana,bcw,Biu-Mandara,Afro-Asiatic,Africa,10.42,13.58,Cameroon
Banaw�,jaa,Arauan,Arauan,South America,-7.0,-65.0,Brazil
Bandi,bza,Western Mande,Mande,Africa,8.08,-10.25,Liberia
Bandjalang,bdy,Southeastern Pama-Nyungan,Pama-Nyungan,Australia,-28.75,153.0,Australia
Bandjalang (Casino),bdy,Southeastern Pama-Nyungan,Pama-Nyungan,Australia,-28.92,153.0,Australia
Bandjalang (Waalubal),bdy,Southeastern Pama-Nyungan,Pama-Nyungan,Australia,-29.08,152.58,Australia
Bandjalang (Yugumbir),bdy,Southeastern Pama-Nyungan,Pama-Nyungan,Australia,-27.92,153.0,Australia
Banggarla,bjb,Central Pama-Nyungan,Pama-Nyungan,Australia,-32.0,137.0,Australia
Baniwa,bwi,Inland Northern Maipuran,Arawakan,South America,2.67,-66.83,Brazil
Bankon,abb,Bantoid,Niger-Congo,Africa,4.42,9.58,Cameroon
Bao'an,peh,Mongolic,Altaic,Eurasia,35.75,102.83,China
Baragaunle,loy,Bodic,Sino-Tibetan,Eurasia,28.83,83.83,Nepal
Barasano,bsn,Tucanoan,Tucanoan,South America,-0.17,-70.67,Colombia
Bardi,bcj,Nyulnyulan,Nyulnyulan,Australia,-16.58,122.92,Australia
Bar�,bae,Inland Northern Arawakan,Arawakan,South America,1.0,-67.0,Brazil
Bar�,mot,Motilon,Chibchan,South America,9.0,-73.0,Colombia
Bariba,bba,Southern-Central Gur,Niger-Congo,Africa,10.0,2.5,Nigeria
Basa�,bas,Bantoid,Niger-Congo,Africa,3.92,10.5,Cameroon
Bashkir,bak,Turkic,Altaic,Eurasia,53.0,58.0,Russia
Basque,eus,Basque,Basque,Eurasia,43.0,-3.0,France
Basque (Basaburua and Imoz),eus,Basque,Basque,Eurasia,43.0,-1.67,Spain
Basque (Bidasoa Valley),eus,Basque,Basque,Eurasia,43.0,-3.83,Spain
Basque (Gernica),eus,Basque,Basque,Eurasia,43.33,-3.0,Spain
Basque (Hondarribia),eus,Basque,Basque,Eurasia,42.5,-3.0,Spain
Basque (Lekeitio),eus,Basque,Basque,Eurasia,43.0,-2.5,Spain
Basque (Northern High Navarrese),eus,Basque,Basque,Eurasia,43.33,-2.5,Spain
Basque (O�ati),eus,Basque,Basque,Eurasia,42.5,-3.5,Spain
Basque (Roncalese),eus,Basque,Basque,Eurasia,43.0,-2.0,Spain
Basque (Sakana),eus,Basque,Basque,Eurasia,42.5,-2.0,Spain
Basque (Souletin),eus,Basque,Basque,Eurasia,43.5,-1.5,France
Basque (Zeberio),eus,Basque,Basque,Eurasia,42.0,-3.0,Spain
Batak (Karo),btx,Northwest Sumatra-Barrier Islands,Austronesian,Papunesia,3.25,98.25,Indonesia
Batak (Toba),bbc,Northwest Sumatra-Barrier Islands,Austronesian,Papunesia,2.5,99.0,Indonesia
Baule,bci,Kwa,Niger-Congo,Africa,7.0,-5.0,C�te d'Ivoire
Baure,brg,Bolivia-Parana,Arawakan,South America,-13.08,-64.17,Bolivia
Bayungu,bxj,Western Pama-Nyungan,Pama-Nyungan,Australia,-23.0,114.0,Australia
Beembe,beq,Bantoid,Niger-Congo,Africa,-3.92,14.08,Congo
Begak-Ida'an,dbj,North Borneo,Austronesian,Papunesia,5.25,118.83,Malaysia
Beja,bej,Beja,Afro-Asiatic,Africa,18.0,36.0,Eritrea
Belhare,byw,Mahakiranti,Sino-Tibetan,Eurasia,26.97,87.3,Nepal
Bella Coola,blc,Bella Coola,Salishan,North America,52.5,-126.67,Canada
Bemba,bem,Bantoid,Niger-Congo,Africa,-10.0,28.25,Democratic Republic of Congo
Beng,nhb,Eastern Mande,Mande,Africa,7.83,-4.25,C�te d'Ivoire
Bengali,ben,Indic,Indo-European,Eurasia,24.0,90.0,Bangladesh
Berber (Ayt Seghrouchen Middle Atlas),tzm,Berber,Afro-Asiatic,Africa,33.33,-4.67,Morocco
Berber (Middle Atlas),tzm,Berber,Afro-Asiatic,Africa,33.0,-5.0,Morocco
Berber (Siwa),siz,Berber,Afro-Asiatic,Africa,29.17,25.5,Egypt
Berbice Dutch Creole,brc,Creoles and Pidgins,other,South America,5.33,-58.0,Guyana
Beria,zag,Eastern Saharan,Saharan,Africa,16.0,23.0,Chad
Berta,wti,Berta,Berta,Africa,10.33,34.67,Ethiopia
B�t�,bev,Kru,Niger-Congo,Africa,6.25,-6.25,C�te d'Ivoire
Betta Kurumba,xub,Southern Dravidian,Dravidian,Eurasia,11.5,76.75,India
Bhili,bhb,Indic,Indo-European,Eurasia,22.0,73.0,India
Bhojpuri,bho,Indic,Indo-European,Eurasia,26.0,84.0,India
Bhumij,unr,Munda,Austro-Asiatic,Eurasia,21.33,86.5,India
Biak,bhw,South Halmahera - West New Guinea,Austronesian,Papunesia,-1.0,136.0,Indonesia
Bikol,bcl,Greater Central Philippine,Austronesian,Papunesia,13.33,123.5,Philippines
Bila,bip,Bantoid,Niger-Congo,Africa,1.0,28.75,Democratic Republic of Congo
Bilin,byn,Central Cushitic,Afro-Asiatic,Africa,15.75,38.5,Eritrea
Bilinarra,nbj,Western Pama-Nyungan,Pama-Nyungan,Australia,-16.0,131.67,Australia
Biloxi,bll,Core Siouan,Siouan,North America,30.5,-88.67,United States
Bilua,blb,Bilua,Solomons East Papuan,Papunesia,-7.75,156.67,Solomon Islands
Bimoba,bim,Northern-Central Gur,Niger-Congo,Africa,10.5,0.0,Ghana
Binandere,bhg,Binanderean,Trans-New Guinea,Papunesia,-8.25,148.0,Papua New Guinea
Binga,yul,Bongo-Bagirmi,Central Sudanic,Africa,8.0,25.0,Central African Republic
Bini,bin,Edoid,Niger-Congo,Africa,6.42,5.83,Nigeria
Bininj Gun-Wok,gup,Gunwinygic,Gunwinyguan,Australia,-12.5,133.75,Australia
Binumarien,bjr,Eastern Highlands,Trans-New Guinea,Papunesia,-6.28,146.08,Papua New Guinea
Biri,bzr,Northern Pama-Nyungan,Pama-Nyungan,Australia,-20.5,146.5,Australia
Birom,bom,Platoid,Niger-Congo,Africa,9.67,8.83,Nigeria
Bisa,bib,Eastern Mande,Mande,Africa,11.5,-0.5,Burkina Faso
Blackfoot,bla,Algonquian,Algic,North America,50.0,-112.67,Canada
Bobo Madar� (Northern),bbo,Western Mande,Mande,Africa,12.42,-4.33,Burkina Faso
Bodo,brx,Bodo-Garo,Sino-Tibetan,Eurasia,26.83,92.0,India
Boiken,bzf,Ndu,Sepik,Papunesia,-3.5,143.5,Papua New Guinea
Boko,bqc,Eastern Mande,Mande,Africa,10.5,3.5,Nigeria
Bole,bol,West Chadic,Afro-Asiatic,Africa,11.33,11.25,Nigeria
Bongo,bot,Bongo-Bagirmi,Central Sudanic,Africa,7.5,28.5,South Sudan
Bora,boa,Boran,Huitotoan,South America,-2.17,-72.33,Colombia
Bororo,bor,Bororoan,Bororoan,South America,-16.0,-57.0,Brazil
Bozo (Tigemaxo),boz,Western Mande,Mande,Africa,15.0,-4.0,Mali
Brahui,brh,Northern Dravidian,Dravidian,Eurasia,28.5,67.0,Pakistan
Brao,brb,Bahnaric,Austro-Asiatic,Eurasia,14.17,107.5,Vietnam
Breton,bre,Celtic,Indo-European,Eurasia,48.0,-3.0,France
Bribri,bzd,Talamanca,Chibchan,North America,9.42,-83.0,Costa Rica
Brokskat,bkk,Indic,Indo-European,Eurasia,35.33,76.5,Pakistan
Bru (Western),brv,Katuic,Austro-Asiatic,Eurasia,16.75,104.75,Laos
Budu,buu,Bantoid,Niger-Congo,Africa,2.0,28.0,Democratic Republic of Congo
Bugis,bug,South Sulawesi,Austronesian,Papunesia,-4.0,120.0,Indonesia
Bujeba,nmg,Bantoid,Niger-Congo,Africa,3.0,10.17,Equatorial Guinea
Bukusu,bxk,Bantoid,Niger-Congo,Africa,0.75,34.67,Kenya
Bulgarian,bul,Slavic,Indo-European,Eurasia,42.5,25.0,Bulgaria
Buli (in Ghana),bwu,Northern-Central Gur,Niger-Congo,Africa,10.5,-1.25,Ghana
Bulu,bum,Bantoid,Niger-Congo,Africa,3.0,11.0,Cameroon
Bunuba,bck,Bunuban,Bunuban,Australia,-17.75,125.75,Australia
Burarra,bvr,Burarran,Mangrida,Australia,-12.25,134.58,Australia
Burji,bji,Lowland East Cushitic,Afro-Asiatic,Africa,5.5,37.83,Ethiopia
Burmese,mya,Burmese-Lolo,Sino-Tibetan,Eurasia,21.0,96.0,Myanmar
Burushaski,bsk,Burushaski,Burushaski,Eurasia,36.5,74.5,Pakistan
Busa,bqp,Eastern Mande,Mande,Africa,9.67,4.0,Nigeria
Cacua,cbv,Cacua-Nukak,Cacua-Nukak,South America,1.08,-70.0,Colombia
Caddo,cad,Caddoan,Caddoan,North America,33.33,-93.5,United States
Cams�,kbh,Cams�,Cams�,South America,1.17,-77.0,Colombia
Candoshi,cbu,Candoshi,Candoshi,South America,-4.17,-77.0,Peru
Canela,ram,Ge-Kaingang,Macro-Ge,South America,-7.0,-45.0,Brazil
Cantonese,yue,Chinese,Sino-Tibetan,Eurasia,23.0,113.0,China
Capanahua,kaq,Panoan,Panoan,South America,-7.0,-74.0,Peru
Carapana,cbc,Tucanoan,Tucanoan,South America,0.83,-70.75,Colombia
Carib,car,Cariban,Cariban,South America,5.5,-56.0,Suriname
Carib (De'kwana),mch,Cariban,Cariban,South America,5.5,-65.0,Venezuela
Carijona,cbd,Cariban,Cariban,South America,1.0,-73.0,Colombia
Cashibo,cbr,Panoan,Panoan,South America,-8.5,-75.5,Peru
Cashinahua,cbs,Panoan,Panoan,South America,-10.5,-71.83,Brazil
Catalan,cat,Romance,Indo-European,Eurasia,41.75,2.0,Spain
Catio,cto,Choco,Choco,South America,7.17,-76.33,Colombia
Cavine�a,cav,Tacanan,Tacanan,South America,-13.33,-66.5,Bolivia
Cayapa,cbi,Barbacoan,Barbacoan,South America,0.67,-79.0,Ecuador
Cayuvava,cyb,Cayuvava,Cayuvava,South America,-13.5,-65.5,Bolivia
Cebuano,ceb,Greater Central Philippine,Austronesian,Papunesia,10.0,124.0,Philippines
Ch�cobo,cao,Panoan,Panoan,South America,-12.17,-66.75,Bolivia
Chaga,old,Bantoid,Niger-Congo,Africa,-3.0,37.0,Tanzania
Chaha,sgw,Semitic,Afro-Asiatic,Africa,8.11,37.93,Ethiopia
Chai,suq,Surmic,Eastern Sudanic,Africa,5.33,35.33,Ethiopia
Chaldean (Modern),cld,Semitic,Afro-Asiatic,Eurasia,36.0,43.0,Iraq
Cham (Eastern),cjm,Malayo-Sumbawan,Austronesian,Eurasia,11.33,108.5,Vietnam
Chamorro,cha,Chamorro,Austronesian,Papunesia,13.45,144.75,Guam
Chantyal,chx,Bodic,Sino-Tibetan,Eurasia,28.58,83.42,Nepal
Chatino (Sierra Occidental),ctp,Zapotecan,Oto-Manguean,North America,16.25,-97.33,Mexico
Chatino (Yaitepec),ctp,Zapotecan,Oto-Manguean,North America,16.25,-97.25,Mexico
Chaudangsi,cdn,Bodic,Sino-Tibetan,Eurasia,30.0,80.25,India
Chayahuita,cbt,Cahuapanan,Cahuapanan,South America,-5.5,-77.0,Peru
Chechen,che,Nakh,Nakh-Daghestanian,Eurasia,43.25,45.83,Russia
Chehalis (Upper),cjh,Tsamosan,Salishan,North America,46.58,-123.0,United States
Chemehuevi,ute,Numic,Uto-Aztecan,North America,34.33,-115.17,United States
Chepang,cdm,Mahakiranti,Sino-Tibetan,Eurasia,27.67,84.75,Nepal
Cherokee,chr,Southern Iroquoian,Iroquoian,North America,35.5,-83.5,United States
Chickasaw,cic,Muskogean,Muskogean,North America,34.0,-88.0,United States
Chimariko,cid,Chimariko,Hokan,North America,41.0,-123.0,United States
Chimila,cbg,Chimila,Chibchan,South America,10.0,-74.0,Colombia
Chin (Tiddim),ctd,Kuki-Chin,Sino-Tibetan,Eurasia,23.33,93.67,Myanmar
Chinantec (Lealao),cle,Chinantecan,Oto-Manguean,North America,17.33,-95.92,Mexico
Chinantec (Quiotepec),chq,Chinantecan,Oto-Manguean,North America,17.58,-96.67,Mexico
Chinantec (Sochiapan),cso,Chinantecan,Oto-Manguean,North America,17.75,-96.67,Mexico
Chipaya,cap,Uru-Chipaya,Uru-Chipaya,South America,-18.75,-67.83,Bolivia
Chipewyan,chp,Athapaskan,Na-Dene,North America,59.0,-106.0,Canada
Chiquitano,cax,Chiquito,Chiquito,South America,-17.5,-60.0,Bolivia
Chiriguano,gui,Tupi-Guaran�,Tupian,South America,-23.67,-64.33,Paraguay
Choctaw,cho,Muskogean,Muskogean,North America,32.25,-88.5,United States
Chontal Maya,chf,Mayan,Mayan,North America,18.17,-92.58,Mexico
Chrau,crw,Bahnaric,Austro-Asiatic,Eurasia,10.75,107.5,Vietnam
Chuave,cjv,Chimbu,Trans-New Guinea,Papunesia,-6.12,145.12,Papua New Guinea
Chukchi,ckt,Northern Chukotko-Kamchatkan,Chukotko-Kamchatkan,Eurasia,67.0,-173.0,Russia
Chumash (Barbare�o),boi,Chumash,Chumash,North America,34.5,-120.25,United States
Chumburung,ncu,Kwa,Niger-Congo,Africa,7.75,0.25,Ghana
Chuvash,chv,Turkic,Altaic,Eurasia,55.5,47.5,Russia
Cocama,cod,Tupi-Guaran�,Tupian,South America,-5.0,-74.5,Peru
Coeur d'Alene,crd,Interior Salish,Salishan,North America,47.25,-116.5,United States
Cof�n,con,Cof�n,Cof�n,South America,0.17,-77.17,Ecuador
Cogui,kog,Arhuacic,Chibchan,South America,11.0,-73.83,Colombia
Comanche,com,Numic,Uto-Aztecan,North America,33.5,-101.5,United States
Comox,coo,Central Salish,Salishan,North America,50.17,-125.0,Canada
Crow,cro,Core Siouan,Siouan,North America,47.0,-108.0,United States
Cubeo,cub,Tucanoan,Tucanoan,South America,1.33,-70.5,Colombia
Cuiba,cui,Guahiban,Guahiban,South America,6.5,-70.0,Colombia
Culina,cul,Arauan,Arauan,South America,-6.0,-70.5,Brazil
Cupe�o,cup,California Uto-Aztecan,Uto-Aztecan,North America,33.17,-116.5,United States
Curripaco,kpc,Inland Northern Arawakan,Arawakan,South America,2.5,-68.5,Colombia
Czech,ces,Slavic,Indo-European,Eurasia,50.0,15.0,Czech Republic
Dadibi,mps,Teberan,Teberan-Pawaian,Papunesia,-6.55,144.58,Papua New Guinea
Dadjriwal�,god,Kru,Niger-Congo,Africa,5.25,-5.67,C�te d'Ivoire
Dagaare,dga,Northern-Central Gur,Niger-Congo,Africa,10.5,-2.67,Burkina Faso
Dagbani,dag,Northern-Central Gur,Niger-Congo,Africa,9.58,-0.5,Ghana
Dagur,dta,Mongolic,Altaic,Eurasia,48.0,124.0,China
Dahalo,dal,Dahalo,Afro-Asiatic,Africa,-2.33,40.5,Kenya
Daju (Dar Fur),daj,Daju,Eastern Sudanic,Africa,12.25,25.25,Sudan
Damana,mbp,Arhuacic,Chibchan,South America,11.0,-73.5,Colombia
Dangal�at (Western),daa,East Chadic,Afro-Asiatic,Africa,12.17,18.33,Chad
Dani (Lower Grand Valley),dni,Dani,Trans-New Guinea,Papunesia,-4.33,138.83,Indonesia
Danish,dan,Germanic,Indo-European,Eurasia,56.0,10.0,Denmark
Darma,drd,Bodic,Sino-Tibetan,Eurasia,30.0,79.75,India
D�w,kwa,Nadahup,Nadahup,South America,-0.25,-67.08,Brazil
Defaka,afn,Ijoid,Ijoid,Africa,4.58,7.5,Nigeria
Degema,deg,Edoid,Niger-Congo,Africa,4.75,6.75,Nigeria
Den�,dny,Arauan,Arauan,South America,-6.0,-67.0,Brazil
Desano,des,Tucanoan,Tucanoan,South America,0.83,-69.83,Colombia
Dhalandji,dhl,Western Pama-Nyungan,Pama-Nyungan,Australia,-22.08,115.0,Australia
Dharawal,tbh,Southeastern Pama-Nyungan,Pama-Nyungan,Australia,-34.5,150.5,Australia
Dhargari,dhr,Western Pama-Nyungan,Pama-Nyungan,Australia,-23.75,114.92,Australia
Dhimal,dhi,Dhimalic,Sino-Tibetan,Eurasia,26.67,87.75,Nepal
Dhivehi,div,Indic,Indo-European,Eurasia,4.17,73.5,Maldives
Dhurga,dhu,Southeastern Pama-Nyungan,Pama-Nyungan,Australia,-35.67,150.0,Australia
Dhuwal (D�tiwuy),duj,Western Pama-Nyungan,Pama-Nyungan,Australia,-12.17,136.25,Australia
Didinga,did,Surmic,Eastern Sudanic,Africa,4.5,33.5,South Sudan
Diegue�o (Mesa Grande),dih,Yuman,Hokan,North America,32.67,-116.17,Mexico
Dime,dim,South Omotic,Afro-Asiatic,Africa,6.17,36.25,Ethiopia
Dinka,dip,Nilotic,Eastern Sudanic,Africa,8.5,28.0,South Sudan
Diola-Fogny,dyo,Bak,Niger-Congo,Africa,13.0,-16.25,Gambia
Diola-Kasa,csk,Bak,Niger-Congo,Africa,12.5,-16.75,
Diyari,dif,Central Pama-Nyungan,Pama-Nyungan,Australia,-28.0,139.0,Australia
Dizi,mdx,Dizoid,Afro-Asiatic,Africa,6.17,36.5,Ethiopia
Djabugay,dyy,Northern Pama-Nyungan,Pama-Nyungan,Australia,-16.75,145.58,Australia
Djambarrpuyngu,djr,Western Pama-Nyungan,Pama-Nyungan,Australia,-12.17,135.5,Australia
Djapu,duj,Western Pama-Nyungan,Pama-Nyungan,Australia,-12.67,136.0,Australia
Djaru,ddj,Western Pama-Nyungan,Pama-Nyungan,Australia,-18.75,128.0,Australia
Djinang,dji,Western Pama-Nyungan,Pama-Nyungan,Australia,-12.33,134.83,Australia
Djingili,jig,Djingili,Mirndi,Australia,-17.75,134.0,Australia
Dla (Menggwa),kbv,Senagi,Senagi,Papunesia,-3.55,141.03,Papua New Guinea
Dla (Proper),kbv,Senagi,Senagi,Papunesia,-3.58,141.0,Indonesia
Dolgan,dlg,Turkic,Altaic,Eurasia,71.25,98.0,Russia
Domari,rmt,Indic,Indo-European,Eurasia,32.0,35.0,Jordan
Doyayo,dow,Samba-Duru,Niger-Congo,Africa,8.67,13.08,Cameroon
Duala,dua,Bantoid,Niger-Congo,Africa,4.0,9.42,Cameroon
Dumo,vam,Western Skou,Skou,Papunesia,-2.68,141.3,Papua New Guinea
Dutch,nld,Germanic,Indo-European,Eurasia,52.5,6.0,Netherlands
Dutch (Brabantic),nld,Germanic,Indo-European,Eurasia,50.75,4.5,Belgium
Dutch (Limburg),nld,Germanic,Indo-European,Eurasia,51.0,5.5,Belgium
Dyirbal,dbl,Northern Pama-Nyungan,Pama-Nyungan,Australia,-17.83,145.58,Australia
Dyula,dyu,Western Mande,Mande,Africa,9.83,-4.67,Burkina Faso
Ebira,igb,Nupoid,Niger-Congo,Africa,8.17,7.0,Nigeria
Efate (South),erk,Oceanic,Austronesian,Papunesia,-17.75,168.42,Vanuatu
Efik,efi,Cross River,Niger-Congo,Africa,4.92,8.5,Nigeria
Ega,ega,Ega,Niger-Congo,Africa,5.5,-5.5,C�te d'Ivoire
Ejagham,etu,Bantoid,Niger-Congo,Africa,5.42,8.67,Nigeria
Ekari,ekg,Wissel Lakes-Kemandoga,Trans-New Guinea,Papunesia,-3.83,135.5,Indonesia
Emai,ema,Edoid,Niger-Congo,Africa,7.08,5.92,Nigeria
Ember� (Northern),emp,Choco,Choco,South America,6.83,-77.17,Colombia
Embera Chami,cmi,Choco,Choco,South America,5.0,-76.0,Colombia
�m�rillon,eme,Tupi-Guaran�,Tupian,South America,3.17,-52.42,French Guiana
Emmi,amy,Wagaydy,Western Daly,Australia,-13.5,130.0,Australia
Engenni,enn,Edoid,Niger-Congo,Africa,5.17,6.38,Nigeria
English,eng,Germanic,Indo-European,Eurasia,52.0,0.0,Ireland
Epena Pedee,sja,Choco,Choco,South America,3.0,-77.0,Colombia
Ese Ejja,ese,Tacanan,Tacanan,South America,-11.0,-66.0,Bolivia
Etsako,ets,Edoid,Niger-Congo,Africa,7.25,6.5,Nigeria
Even,eve,Tungusic,Altaic,Eurasia,68.0,130.0,Russia
Evenki,evn,Tungusic,Altaic,Eurasia,56.0,125.0,Russia
Ewe,ewe,Kwa,Niger-Congo,Africa,6.33,0.42,Togo
Ewe (Anglo),ewe,Kwa,Niger-Congo,Africa,6.0,1.0,Ghana
Ewondo,ewo,Bantoid,Niger-Congo,Africa,4.0,12.0,Cameroon
Eyak,eya,Eyak,Na-Dene,North America,60.5,-145.0,United States
Faroese,fao,Germanic,Indo-European,Eurasia,62.0,-7.0,Denmark
Fasu,faa,Fasu,Trans-New Guinea,Papunesia,-6.58,143.33,Papua New Guinea
Fe'fe',fmp,Bantoid,Niger-Congo,Africa,5.25,10.17,Cameroon
Fijian,fij,Oceanic,Austronesian,Papunesia,-17.83,178.0,Fiji
Finnish,fin,Finnic,Uralic,Eurasia,62.0,25.0,Finland
Fongbe,fon,Kwa,Niger-Congo,Africa,6.42,2.17,Benin
French,fra,Romance,Indo-European,Eurasia,48.0,2.0,Switzerland
Frisian (North),frr,Germanic,Indo-European,Eurasia,54.5,9.0,Germany
Frisian (Western),fry,Germanic,Indo-European,Eurasia,53.0,6.0,Netherlands
Ful (Liptako),fuh,Peul-Serer,Niger-Congo,Africa,13.5,0.5,Burkina Faso
Fula (Burkina Faso),fuh,Peul-Serer,Niger-Congo,Africa,14.0,0.0,Burkina Faso
Fula (Guinean),fuf,Peul-Serer,Niger-Congo,Africa,11.5,-12.5,Guinea
Fula (Mauritanian),fuc,Peul-Serer,Niger-Congo,Africa,16.5,-13.75,Mauritania
Fula (Senegal),fuc,Peul-Serer,Niger-Congo,Africa,15.0,-14.0,Senegal
Fulfulde (Adamawa),fub,Peul-Serer,Niger-Congo,Africa,9.17,13.5,Cameroon
Fulfulde (Maasina),ffm,Peul-Serer,Niger-Congo,Africa,15.0,-5.0,Mali
Fulfulde (Nigerian),fuv,Peul-Serer,Niger-Congo,Africa,10.25,11.25,Nigeria
Fulni�,fun,Yat�,Yat�,South America,-8.0,-37.5,Brazil
Fur,fvr,Fur,Fur,Africa,13.5,25.0,Sudan
Fuzhou,cdo,Chinese,Sino-Tibetan,Eurasia,26.0,119.5,China
G�,gaa,Kwa,Niger-Congo,Africa,5.67,-0.17,Ghana
Gaagudju,gbu,Gaagudju,Gaagudju,Australia,-12.58,132.83,Australia
Gaalpu,dhg,Western Pama-Nyungan,Pama-Nyungan,Australia,-12.67,136.75,Australia
Gadaba (Kondekor),gdb,Central Dravidian,Dravidian,Eurasia,18.75,83.5,India
Gadsup,gaj,Eastern Highlands,Trans-New Guinea,Papunesia,-6.25,146.0,Papua New Guinea
Gaelic (Scots),gla,Celtic,Indo-European,Eurasia,57.0,-4.0,United Kingdom
Gagauz,gag,Turkic,Altaic,Eurasia,46.33,28.67,Moldova
Galician,glg,Romance,Indo-European,Eurasia,43.0,-8.0,Spain
Gamilaraay,kld,Southeastern Pama-Nyungan,Pama-Nyungan,Australia,-29.83,149.5,Australia
Gamo,gmv,North Omotic,Afro-Asiatic,Africa,6.67,37.25,Ethiopia
Garo,grt,Bodo-Garo,Sino-Tibetan,Eurasia,25.67,90.5,India
Garrwa,wrk,Garrwan,Garrwan,Australia,-17.08,137.17,Australia
Gavi�o,gvo,Monde,Tupian,South America,-10.67,-62.0,Brazil
Gayo,gay,Northwest Sumatra-Barrier Islands,Austronesian,Papunesia,4.5,97.5,Indonesia
Gbaya (Northwest),gya,Gbaya-Manza-Ngbaka,Niger-Congo,Africa,6.0,15.0,Central African Republic
Gbeya Bossangoa,gbp,Gbaya-Manza-Ngbaka,Niger-Congo,Africa,6.67,17.5,Central African Republic
Gelao,gqu,Kadai,Tai-Kadai,Eurasia,22.92,105.5,Vietnam
Georgian,kat,Kartvelian,Kartvelian,Eurasia,42.0,44.0,Georgia
German,deu,Germanic,Indo-European,Eurasia,52.0,10.0,Switzerland
German (Appenzell),gsw,Germanic,Indo-European,Eurasia,47.33,9.33,Switzerland
German (Berlin),deu,Germanic,Indo-European,Eurasia,52.5,13.33,Germany
German (Bern),gsw,Germanic,Indo-European,Eurasia,47.0,7.42,Switzerland
German (Hannover),deu,Germanic,Indo-European,Eurasia,52.42,9.67,Germany
German (Mansfeldisch),deu,Germanic,Indo-European,Eurasia,51.58,11.5,Germany
German (Ostschweiz),gsw,Germanic,Indo-European,Eurasia,47.42,9.25,Switzerland
German (Thurgau),gsw,Germanic,Indo-European,Eurasia,47.58,9.17,Switzerland
German (Thuringian),deu,Germanic,Indo-European,Eurasia,51.0,11.0,Germany
German (Timisoara),deu,Germanic,Indo-European,Eurasia,45.75,21.25,Romania
German (Zurich),gsw,Germanic,Indo-European,Eurasia,47.42,8.5,Switzerland
Gidabal,bdy,Southeastern Pama-Nyungan,Pama-Nyungan,Australia,-28.42,152.42,Australia
Gidar,gid,Biu-Mandara,Afro-Asiatic,Africa,10.0,14.0,Cameroon
Gimira,bcq,North Omotic,Afro-Asiatic,Africa,7.0,35.75,Ethiopia
Goajiro,guc,Caribbean Arawakan,Arawakan,South America,12.0,-72.0,Colombia
Godi�,god,Kru,Niger-Congo,Africa,5.42,-5.83,C�te d'Ivoire
Godoberi,gdo,Avar-Andic-Tsezic,Nakh-Daghestanian,Eurasia,42.67,46.08,Russia
Gojri,gju,Indic,Indo-European,Eurasia,32.75,76.25,India
Golin,gvf,Chimbu,Trans-New Guinea,Papunesia,-6.33,144.75,Papua New Guinea
Gooniyandi,gni,Bunuban,Bunuban,Australia,-18.33,126.33,Australia
Great Andamanese,apq,Great Andamanese,Great Andamanese,Eurasia,12.0,92.67,India
Greek (Cypriot),ell,Greek,Indo-European,Eurasia,34.75,33.0,Cyprus
Greek (Modern),ell,Greek,Indo-European,Eurasia,39.0,22.0,Greece
Greenlandic (East),kal,Eskimo,Eskimo-Aleut,Eurasia,65.0,-40.0,Greenland
Greenlandic (South),kal,Eskimo,Eskimo-Aleut,Eurasia,60.0,-44.0,Greenland
Greenlandic (West),kal,Eskimo,Eskimo-Aleut,Eurasia,64.0,-51.0,Greenland
Guahibo,guh,Guahiban,Guahiban,South America,5.0,-69.0,Colombia
Guajajara,gub,Tupi-Guaran�,Tupian,South America,-5.0,-46.0,Brazil
Guambiano,gum,Barbacoan,Barbacoan,South America,2.5,-76.67,Colombia
Guanano,gvc,Tucanoan,Tucanoan,South America,0.83,-69.5,Colombia
Guaque,cbd,Cariban,Cariban,South America,1.0,-72.08,Colombia
Guaran�,gug,Tupi-Guaran�,Tupian,South America,-26.0,-56.0,Paraguay
Guarij�o,var,Tarahumaran,Uto-Aztecan,North America,27.75,-108.67,Mexico
Guat�,gta,Guat�,Guat�,South America,-17.0,-58.0,Brazil
Guayabero,guo,Guahiban,Guahiban,South America,2.83,-72.0,Colombia
Gude,gde,Biu-Mandara,Afro-Asiatic,Africa,10.42,13.42,Nigeria
Gugada,ktd,Western Pama-Nyungan,Pama-Nyungan,Australia,-30.0,134.0,Australia
Gugadj,ggd,Northern Pama-Nyungan,Pama-Nyungan,Australia,-18.5,140.5,Australia
Guinea Bissau Crioulo,pov,Creoles and Pidgins,other,Africa,12.0,-15.0,Guinea-Bissau
Gujarati,guj,Indic,Indo-European,Eurasia,23.0,72.0,India
Gumatj,gnn,Western Pama-Nyungan,Pama-Nyungan,Australia,-12.5,135.5,Australia
Gumbaynggir,kgs,Southeastern Pama-Nyungan,Pama-Nyungan,Australia,-30.17,152.5,Australia
Gumuz,guk,Gumuz,Gumuz,Africa,12.5,35.83,Ethiopia
Gunin,gww,Worrorran,Worrorran,Australia,-14.25,126.67,Australia
Gunu,yas,Bantoid,Niger-Congo,Africa,4.58,11.25,Cameroon
G�n�na K�ne,pue,Puelche,Chon,South America,-41.0,-67.0,Argentina
Gunya,gyy,Northern Pama-Nyungan,Pama-Nyungan,Australia,-26.5,146.5,Australia
Gupapuyngu,guf,Western Pama-Nyungan,Pama-Nyungan,Australia,-12.0,136.0,Australia
Gureng Gureng,gnr,Southeastern Pama-Nyungan,Pama-Nyungan,Australia,-25.25,151.0,Australia
Gurenne,gur,Northern-Central Gur,Niger-Congo,Africa,10.83,-0.92,Ghana
Gurindji,gue,Western Pama-Nyungan,Pama-Nyungan,Australia,-17.67,130.67,Australia
Gurma,gux,Northern-Central Gur,Niger-Congo,Africa,12.25,1.0,Burkina Faso
Guro,goa,Eastern Mande,Mande,Africa,7.0,-6.0,C�te d'Ivoire
Gurr-goni,gge,Burarran,Mangrida,Australia,-12.25,134.42,Australia
Gutob,gbj,Munda,Austro-Asiatic,Eurasia,19.0,83.67,India
Guugu Yimidhirr,kky,Northern Pama-Nyungan,Pama-Nyungan,Australia,-15.0,144.83,Australia
Gwari,gbr,Nupoid,Niger-Congo,Africa,9.5,7.0,Nigeria
Gyarong (Cogtse),jya,rGyalrong,Sino-Tibetan,Eurasia,31.5,102.0,China
Hadza,hts,Hadza,Hadza,Africa,-3.75,35.17,Tanzania
Hakka,hak,Chinese,Sino-Tibetan,Eurasia,25.0,116.0,China
Halbi,hlb,Indic,Indo-European,Eurasia,21.0,81.0,India
Halkomelem (Island),hur,Central Salish,Salishan,North America,49.2,-123.0,Canada
Halkomelem (Upriver),hur,Central Salish,Salishan,North America,49.25,-121.92,Canada
Hamer,amf,South Omotic,Afro-Asiatic,Africa,5.0,36.5,Ethiopia
Hanga Hundi,wos,Ndu,Sepik,Papunesia,-3.83,142.92,Papua New Guinea
Harari,har,Semitic,Afro-Asiatic,Africa,9.25,42.17,Ethiopia
Hausa,hau,West Chadic,Afro-Asiatic,Africa,12.0,7.0,Nigeria
Hawaiian,haw,Oceanic,Austronesian,Papunesia,19.58,-155.5,United States
Haya,hay,Bantoid,Niger-Congo,Africa,-2.0,31.5,Tanzania
Hayu,vay,Mahakiranti,Sino-Tibetan,Eurasia,27.25,86.0,Nepal
Hdi,xed,Biu-Mandara,Afro-Asiatic,Africa,11.87,13.72,Nigeria
Hebrew (Modern Ashkenazic),heb,Semitic,Afro-Asiatic,Eurasia,31.75,35.17,Israel
Hebrew (Modern),heb,Semitic,Afro-Asiatic,Eurasia,31.5,34.83,Israel
Herero,her,Bantoid,Niger-Congo,Africa,-20.58,19.0,Namibia
Hianacoto,cbd,Cariban,Cariban,South America,0.83,-71.0,Colombia
Hiligaynon,hil,Greater Central Philippine,Austronesian,Papunesia,10.25,123.0,Philippines
Hindi,hin,Indic,Indo-European,Eurasia,25.0,77.0,India
Hixkaryana,hix,Cariban,Cariban,South America,-1.0,-59.0,Brazil
Ho,hoc,Munda,Austro-Asiatic,Eurasia,22.0,86.0,India
Hoava,hoa,Oceanic,Austronesian,Papunesia,-8.08,157.5,Solomon Islands
Holoholo,hoo,Bantoid,Niger-Congo,Africa,-5.17,29.92,Tanzania
Hopi,hop,Hopi,Uto-Aztecan,North America,36.0,-110.0,United States
Hua,ygr,Eastern Highlands,Trans-New Guinea,Papunesia,-6.33,145.33,Papua New Guinea
Huambisa,hub,Jivaroan,Jivaroan,South America,-4.0,-78.0,Peru
Huastec,hus,Mayan,Mayan,North America,22.08,-99.33,Mexico
Huave (San Mateo del Mar),huv,Huavean,Huavean,North America,16.22,-95.0,Mexico
Huichol,hch,Corachol,Uto-Aztecan,North America,22.0,-104.0,Mexico
Huitoto (Minica),hto,Huitoto,Huitotoan,South America,-0.33,-74.0,Colombia
Huitoto (Murui),huu,Huitoto,Huitotoan,South America,-1.0,-73.5,Colombia
Hungarian,hun,Ugric,Uralic,Eurasia,47.0,20.0,Hungary
Hunzib,huz,Avar-Andic-Tsezic,Nakh-Daghestanian,Eurasia,42.17,46.25,Russia
Hup,jup,Nadahup,Nadahup,South America,0.17,-69.25,Colombia
Hupa,hup,Athapaskan,Na-Dene,North America,41.08,-123.67,United States
Iaai,iai,Oceanic,Austronesian,Papunesia,-20.42,166.58,New Caledonia
Iban,iba,Malayo-Sumbawan,Austronesian,Papunesia,2.0,112.0,Malaysia
Ibibio,ibb,Cross River,Niger-Congo,Africa,5.25,7.83,Nigeria
Icelandic,isl,Germanic,Indo-European,Eurasia,65.0,-17.0,Iceland
Idoma,idu,Idomoid,Niger-Congo,Africa,6.92,7.5,Nigeria
Igbo,ibo,Igboid,Niger-Congo,Africa,6.0,7.33,Nigeria
Igede,ige,Idomoid,Niger-Congo,Africa,7.0,8.17,Nigeria
Ignaciano,ign,Bolivia-Parana,Arawakan,South America,-15.17,-65.42,Bolivia
Ijo (Kolokuma),ijc,Ijoid,Ijoid,Africa,4.92,5.67,Nigeria
Ik,ikx,Kuliak,Eastern Sudanic,Africa,3.75,34.17,Uganda
Ika,arh,Arhuacic,Chibchan,South America,10.67,-73.75,Colombia
Ilocano,ilo,Northern Luzon,Austronesian,Papunesia,16.0,121.0,Philippines
Imonda,imn,Border,Border,Papunesia,-3.33,141.17,Papua New Guinea
Indonesian,ind,Malayo-Sumbawan,Austronesian,Papunesia,0.0,106.0,Indonesia
Indonesian (Jakarta),ind,Malayo-Sumbawan,Austronesian,Papunesia,-6.17,106.75,Indonesia
Inga,inb,Quechuan,Quechuan,South America,1.0,-77.0,Colombia
Ingessana,tbi,Eastern Jebel,Eastern Sudanic,Africa,11.5,34.0,Sudan
Ingush,inh,Nakh,Nakh-Daghestanian,Eurasia,43.17,45.08,Russia
Innamincka,ynd,Central Pama-Nyungan,Pama-Nyungan,Australia,-27.75,140.75,Australia
I�upiaq,esi,Eskimo,Eskimo-Aleut,North America,67.0,-161.0,United States
Iquito,iqu,Zaparoan,Zaparoan,South America,-3.25,-74.0,Peru
Iranxe,irn,Iranxe,Iranxe,South America,-13.0,-58.0,Brazil
Iraqw,irk,Southern Cushitic,Afro-Asiatic,Africa,-4.0,35.5,Tanzania
Irarutu,irh,South Halmahera - West New Guinea,Austronesian,Papunesia,-3.0,133.5,Indonesia
Irish,gle,Celtic,Indo-European,Eurasia,53.0,-8.0,Ireland
Irish (Donegal),gle,Celtic,Indo-European,Eurasia,55.0,-8.0,Ireland
Irish (Munster),gle,Celtic,Indo-European,Eurasia,52.5,-9.0,Ireland
I'saka,ksi,Krisa,Skou,Papunesia,-2.83,141.28,Papua New Guinea
Ishkashmi,isk,Iranian,Indo-European,Eurasia,37.0,72.0,Afghanistan
Isoko,iso,Edoid,Niger-Congo,Africa,5.5,6.25,Nigeria
Italian,ita,Romance,Indo-European,Eurasia,43.0,12.0,Switzerland
Italian (Fiorentino),ita,Romance,Indo-European,Eurasia,43.75,11.25,Italy
Italian (Genoa),lij,Romance,Indo-European,Eurasia,44.42,8.95,Italy
Itelmen,itl,Southern Chukotko-Kamchatkan,Chukotko-Kamchatkan,Eurasia,57.0,157.5,Russia
Itonama,ito,Itonama,Itonama,South America,-12.83,-64.33,Bolivia
Ivatan,ivv,Batanic,Austronesian,Papunesia,20.5,122.0,Philippines
Iwaidja,ibd,Iwaidjan,Iwaidjan,Australia,-11.5,132.67,Australia
Iwam,iwm,Upper Sepik,Sepik,Papunesia,-4.33,142.0,Papua New Guinea
Izi,izz,Igboid,Niger-Congo,Africa,6.33,8.0,Nigeria
Jabut�,jbt,Jabut�,Macro-Ge,South America,-12.25,-62.25,Brazil
Jad,bod,Bodic,Sino-Tibetan,Eurasia,30.83,79.0,India
Jamaican Creole,jam,Creoles and Pidgins,other,North America,18.17,-77.25,Jamaica
Jamamadi,jaa,Arauan,Arauan,South America,-7.5,-67.0,Brazil
Jaminjung,djd,Jaminjungan,Mirndi,Australia,-15.08,130.5,Australia
Jamsay,djm,Dogon,Dogon,Africa,14.42,-2.5,Mali
Japanese,jpn,Japanese,Japanese,Eurasia,37.0,140.0,Japan
Japreria,jru,Cariban,Cariban,South America,10.5,-73.0,Venezuela
Jaqaru,jqr,Aymaran,Aymaran,South America,-13.0,-76.0,Peru
Jarawara,jaa,Arauan,Arauan,South America,-7.5,-65.5,Brazil
Javanese,jav,Javanese,Austronesian,Papunesia,-7.0,111.0,Indonesia
Jebero,jeb,Cahuapanan,Cahuapanan,South America,-5.42,-76.5,Peru
Jemez,tow,Kiowa-Tanoan,Kiowa-Tanoan,North America,35.83,-107.0,United States
Jiarong,jya,rGyalrong,Sino-Tibetan,Eurasia,31.5,102.0,China
Jibbali,shv,Semitic,Afro-Asiatic,Eurasia,17.5,55.0,Oman
Jingpho,kac,Jingpho,Sino-Tibetan,Eurasia,25.42,97.0,Myanmar
Jivaro,jiv,Jivaroan,Jivaroan,South America,-2.5,-78.0,Ecuador
Jomang,tlo,Talodi,Kordofanian,Africa,10.58,30.5,Sudan
Ju|'hoan,ktz,Ju-Kung,Kxa,Africa,-19.0,21.0,Angola
Juang,jun,Munda,Austro-Asiatic,Eurasia,21.33,86.0,India
Jugli,nst,Northern Naga,Sino-Tibetan,Eurasia,27.5,96.33,India
J�ma,jua,Tupi-Guaran�,Tupian,South America,-7.5,-64.0,Brazil
Jur M�d�,bex,Bongo-Bagirmi,Central Sudanic,Africa,6.0,30.0,South Sudan
Juruna,jur,Tupi-Guaran�,Tupian,South America,-5.0,-54.5,Brazil
Kabardian,kbd,Northwest Caucasian,Northwest Caucasian,Eurasia,43.5,43.5,Russia
Kabiy�,kbp,Southern-Central Gur,Niger-Congo,Africa,9.67,1.17,Togo
Kabyle,kab,Berber,Afro-Asiatic,Africa,36.5,5.0,Algeria
Kadiw�u,kbc,Kadiw�u,Guaicuruan,South America,-20.0,-57.0,Brazil
Kadugli,xtc,Kadugli,Kadu,Africa,11.0,29.67,Sudan
Kagulu,kki,Bantoid,Niger-Congo,Africa,-6.33,37.0,Tanzania
Kaingang,kgp,Ge-Kaingang,Macro-Ge,South America,-26.0,-52.0,Brazil
Kaiw�,kgk,Tupi-Guaran�,Tupian,South America,-23.0,-55.0,Paraguay
Kala Lagaw Ya,mwp,Northern Pama-Nyungan,Pama-Nyungan,Papunesia,-10.12,142.12,Australia
Kalanga,kck,Bantoid,Niger-Congo,Africa,-20.5,27.5,Botswana
Kalkatungu,ktg,Northern Pama-Nyungan,Pama-Nyungan,Australia,-21.0,139.5,Australia
Kalmyk,xal,Mongolic,Altaic,Eurasia,44.0,83.0,China
Kalmyk (Issyk-Kul),xal,Mongolic,Altaic,Eurasia,42.42,78.33,Kyrgyzstan
Kamaiur�,kay,Tupi-Guaran�,Tupian,South America,-12.08,-52.58,Brazil
Kamasau,kms,Marienberg,Torricelli,Papunesia,-3.92,143.67,Papua New Guinea
Kamass,xas,Samoyedic,Uralic,Eurasia,52.0,92.0,Russia
Kamba,kam,Bantoid,Niger-Congo,Africa,-1.5,38.0,Kenya
Kambera,xbr,Central Malayo-Polynesian,Austronesian,Papunesia,-9.83,120.17,Indonesia
Kanakuru,kna,West Chadic,Afro-Asiatic,Africa,10.0,12.0,Nigeria
Kannada,kan,Southern Dravidian,Dravidian,Eurasia,14.0,76.0,India
Kanuri,knc,Western Saharan,Saharan,Africa,12.0,13.0,Nigeria
Kapampangan,pam,Central Luzon,Austronesian,Papunesia,15.33,120.5,Philippines
Karadjeri,gbd,Western Pama-Nyungan,Pama-Nyungan,Australia,-19.0,122.0,Australia
Karaim,kdr,Turkic,Altaic,Eurasia,54.67,24.92,Ukraine
Karaj�,kpj,Karaj�,Macro-Ge,South America,-10.0,-50.33,Brazil
Karakalpak,kaa,Turkic,Altaic,Eurasia,43.0,60.0,Uzbekistan
Karanga,sna,Bantoid,Niger-Congo,Africa,-20.0,31.0,Zimbabwe
Karata,kpt,Avar-Andic-Tsezic,Nakh-Daghestanian,Eurasia,42.58,46.33,Russia
Karelian,krl,Finnic,Uralic,Eurasia,64.0,32.0,Russia
Karen (Sgaw),ksw,Karen,Sino-Tibetan,Eurasia,18.0,97.0,Myanmar
Kariera,vka,Western Pama-Nyungan,Pama-Nyungan,Australia,-20.5,118.5,Australia
Karimojong,kdj,Nilotic,Eastern Sudanic,Africa,3.0,34.17,Uganda
Kariti�na,ktn,Arikem,Tupian,South America,-9.5,-64.0,Brazil
Kar� (Ar�ra),arr,Ramarama,Tupian,South America,-10.33,-62.0,Brazil
Karok,kyh,Karok,Karok,North America,41.67,-123.0,United States
Kasem,xsm,Southern-Central Gur,Niger-Congo,Africa,11.25,-1.25,Burkina Faso
Kashmiri,kas,Indic,Indo-European,Eurasia,34.0,76.0,Pakistan
Katcha,xtc,Kadugli,Kadu,Africa,10.83,29.67,Sudan
Kawaiisu,xaw,Numic,Uto-Aztecan,North America,36.0,-117.5,United States
Kayab�,kyz,Tupi-Guaran�,Tupian,South America,-11.0,-55.5,Brazil
Kayap�,txu,Ge-Kaingang,Macro-Ge,South America,-9.0,-52.0,Brazil
Kayardild,gyd,Tangkic,Tangkic,Australia,-17.05,139.5,Australia
Kaytej,gbb,Central Pama-Nyungan,Pama-Nyungan,Australia,-21.0,134.0,Australia
Kefa,kbr,South Omotic,Afro-Asiatic,Africa,7.25,36.25,Ethiopia
K'ekch�,kek,Mayan,Mayan,North America,16.0,-89.83,Guatemala
Kela (Apoze),kcl,Oceanic,Austronesian,Papunesia,-7.42,147.08,Papua New Guinea
Kemant,ahg,Central Cushitic,Afro-Asiatic,Africa,12.67,37.42,Ethiopia
Kenyang,ken,Bantoid,Niger-Congo,Africa,5.67,9.5,Cameroon
Keo,xxk,Central Malayo-Polynesian,Austronesian,Papunesia,-8.83,121.25,Indonesia
Kera,ker,East Chadic,Afro-Asiatic,Africa,9.83,15.08,Chad
Ket,ket,Yeniseian,Yeniseian,Eurasia,64.0,87.0,Russia
Kete,kcv,Bantoid,Niger-Congo,Africa,-7.0,22.83,Democratic Republic of Congo
Khakas,kjh,Turkic,Altaic,Eurasia,53.0,90.0,Russia
Khalkha,khk,Mongolic,Altaic,Eurasia,47.0,105.0,Mongolia
Kham (Dege),khg,Bodic,Sino-Tibetan,Eurasia,31.83,98.58,China
Kham (Tibetan) (Nangchen),khg,Bodic,Sino-Tibetan,Eurasia,32.5,96.5,China
Khanty,kca,Ugric,Uralic,Eurasia,65.0,65.0,Russia
Kharia,khr,Munda,Austro-Asiatic,Eurasia,22.5,84.33,India
Khasi,kha,Khasian,Austro-Asiatic,Eurasia,25.5,92.0,India
Khmer,khm,Khmer,Austro-Asiatic,Eurasia,12.5,105.0,Cambodia
Khmu',kjg,Khmuic,Austro-Asiatic,Eurasia,21.0,102.0,Laos
Kikuyu,kik,Bantoid,Niger-Congo,Africa,-0.75,36.75,Kenya
Kilba,hbb,Biu-Mandara,Afro-Asiatic,Africa,10.33,13.17,Nigeria
Kimaghama,kig,Kolopom,Kolopom,Papunesia,-8.0,138.5,Indonesia
Kinnauri,kfk,Bodic,Sino-Tibetan,Eurasia,31.5,78.0,India
Kinyarwanda,kin,Bantoid,Niger-Congo,Africa,-2.0,30.0,Rwanda
Kiowa,kio,Kiowa-Tanoan,Kiowa-Tanoan,North America,37.0,-99.0,United States
Kipea,kzw,Kariri,Kariri,South America,-10.0,-37.0,Brazil
Kirghiz,kir,Turkic,Altaic,Eurasia,42.0,75.0,Kyrgyzstan
Kirghiz (Fu-Yu),kir,Turkic,Altaic,Eurasia,47.75,124.42,China
Kirma,cme,Southern-Central Gur,Niger-Congo,Africa,10.25,-4.83,Burkina Faso
Kitja,gia,Jarrakan,Jarrakan,Australia,-17.5,127.75,Australia
Kituba,ktu,Creoles and Pidgins,other,Africa,-5.0,17.5,Democratic Republic of Congo
Kiwai (Southern),kjd,Kiwaian,Kiwaian,Papunesia,-8.0,143.5,Papua New Guinea
Klamath,kla,Klamath-Modoc,Penutian,North America,42.5,-121.5,United States
Klao,klu,Kru,Niger-Congo,Africa,4.75,-8.75,Liberia
Koasati,cku,Muskogean,Muskogean,North America,34.83,-85.17,United States
Kodava,kfa,Southern Dravidian,Dravidian,Eurasia,12.17,76.83,India
Koh (Lakka),xuo,Mbumic,Niger-Congo,Africa,8.0,15.5,Chad
Kohumono,bcs,Cross River,Niger-Congo,Africa,6.0,8.12,Nigeria
Koiari,kbk,Koiarian,Trans-New Guinea,Papunesia,-9.5,147.33,Papua New Guinea
Kokborok,trp,Bodo-Garo,Sino-Tibetan,Eurasia,24.33,92.5,India
Kokota,kkk,Oceanic,Austronesian,Papunesia,-8.0,159.13,Solomon Islands
Kom,bkm,Bantoid,Niger-Congo,Africa,6.25,10.33,Cameroon
Komi-Permyak,koi,Permic,Uralic,Eurasia,59.5,54.5,Russia
Komi-Zyrian,kpv,Permic,Uralic,Eurasia,65.0,55.0,Russia
Komo,xom,Koman,Koman,Africa,8.75,33.75,Ethiopia
Konda,kfc,South-Central Dravidian,Dravidian,Eurasia,19.5,83.0,India
Konkani,knn,Indic,Indo-European,Eurasia,15.25,74.0,India
Konkomba,xon,Northern-Central Gur,Niger-Congo,Africa,10.0,0.08,Togo
Konni,kma,Northern-Central Gur,Niger-Congo,Africa,10.25,-1.58,Ghana
Konyagi,cou,Tenda,Niger-Congo,Africa,12.5,-13.25,Mali
Koorete,kqy,North Omotic,Afro-Asiatic,Africa,5.83,37.83,Ethiopia
Korafe,kpr,Binanderean,Trans-New Guinea,Papunesia,-9.05,149.08,Papua New Guinea
Koranko,knk,Western Mande,Mande,Africa,9.33,-11.25,Sierra Leone
Korean,kor,Korean,Korean,Eurasia,37.5,128.0,South Korea
Koreguaje,coe,Tucanoan,Tucanoan,South America,1.0,-75.5,Colombia
Korku,kfq,Munda,Austro-Asiatic,Eurasia,22.5,78.5,India
Koryak,kpy,Northern Chukotko-Kamchatkan,Chukotko-Kamchatkan,Eurasia,61.0,167.0,Russia
Kota,kfe,Southern Dravidian,Dravidian,Eurasia,11.5,77.17,India
Kotoko,aal,Biu-Mandara,Afro-Asiatic,Africa,11.33,15.33,Central African Republic
Koya,kff,South-Central Dravidian,Dravidian,Eurasia,17.5,81.33,India
Koyra Chiini,khq,Songhay,Songhay,Africa,17.0,-3.0,Mali
Koyraboro Senni,ses,Songhay,Songhay,Africa,16.0,0.0,Mali
Kpan,kpk,Platoid,Niger-Congo,Africa,7.58,10.17,Nigeria
Kpelle,xpe,Western Mande,Mande,Africa,7.0,-10.0,Liberia
Krah�,xra,Ge-Kaingang,Macro-Ge,South America,-8.0,-48.0,Brazil
Krenak,kqq,Botocudo,Macro-Ge,South America,-15.5,-41.0,Brazil
Kresh,krs,Kresh,Central Sudanic,Africa,8.5,24.5,South Sudan
Krongo,kgo,Kadugli,Kadu,Africa,10.5,30.0,Sudan
Krymchak,uzn,Turkic,Altaic,Eurasia,45.0,34.25,Ukraine
Ksingmul,puo,Khmuic,Austro-Asiatic,Eurasia,21.08,104.0,Vietnam
Kui (in India),kxu,South-Central Dravidian,Dravidian,Eurasia,20.0,83.5,India
Kuik�ro,kui,Cariban,Cariban,South America,-12.42,-53.08,Brazil
Kuku-Yalanji,gvn,Northern Pama-Nyungan,Pama-Nyungan,Australia,-16.0,145.0,Australia
Kulung,kle,Mahakiranti,Sino-Tibetan,Eurasia,27.5,87.0,Nepal
Kumauni,kfy,Indic,Indo-European,Eurasia,30.0,80.0,India
Kumyk,kum,Turkic,Altaic,Eurasia,43.0,47.33,Russia
Kuna,kvn,Kuna,Chibchan,South America,8.0,-77.33,Colombia
Kunama,kun,Kunama,Kunama,Africa,14.5,37.0,Ethiopia
Kunimaipa,kup,Goilalan,Trans-New Guinea,Papunesia,-8.0,146.83,Papua New Guinea
Kunjen,kjn,Northern Pama-Nyungan,Pama-Nyungan,Australia,-16.5,142.5,Australia
Kunming,cmn,Chinese,Sino-Tibetan,Eurasia,25.0,102.75,China
Kuot,kto,Kuot,Kuot,Papunesia,-3.05,151.5,Papua New Guinea
Kurdish (Central),ckb,Iranian,Indo-European,Eurasia,36.0,44.0,Iran
Kurmanji,kmr,Iranian,Indo-European,Eurasia,38.0,42.0,Turkey
Kurukh,kru,Northern Dravidian,Dravidian,Eurasia,22.83,85.5,India
Kusunda,kgg,Kusunda,Kusunda,Eurasia,28.0,84.67,Nepal
Kuuk Thaayorre,thd,Northern Pama-Nyungan,Pama-Nyungan,Australia,-14.58,141.83,Australia
Kuuku Ya'u,kuy,Northern Pama-Nyungan,Pama-Nyungan,Australia,-12.58,143.08,Australia
Kuvi,kxv,South-Central Dravidian,Dravidian,Eurasia,18.75,82.67,India
Kwaio,kwd,Oceanic,Austronesian,Papunesia,-8.95,161.0,Solomon Islands
Kwakw'ala,kwk,Northern Wakashan,Wakashan,North America,51.0,-127.0,Canada
Kwangali,kwn,Bantoid,Niger-Congo,Africa,-18.0,19.5,Angola
Kwoma,kmo,Nukuma,Sepik,Papunesia,-4.17,142.75,Papua New Guinea
Kyirong,kgy,Bodic,Sino-Tibetan,Eurasia,28.42,85.33,China
Kyuquot,nuk,Southern Wakashan,Wakashan,North America,50.17,-127.17,Canada
Ladakhi,lbj,Bodic,Sino-Tibetan,Eurasia,34.0,78.0,India
Ladino,lad,Romance,Indo-European,Eurasia,40.0,33.0,Turkey
Lagwan,kot,Biu-Mandara,Afro-Asiatic,Africa,11.5,14.83,Cameroon
Lahu,lhu,Burmese-Lolo,Sino-Tibetan,Eurasia,20.0,98.17,China
Lai,cnh,Kuki-Chin,Sino-Tibetan,Eurasia,22.67,93.67,Myanmar
Lak,lbe,Lak-Dargwa,Nakh-Daghestanian,Eurasia,42.17,47.17,Russia
Lakhota,lkt,Core Siouan,Siouan,North America,43.83,-101.83,United States
Lakkia,lbc,Kadai,Tai-Kadai,Eurasia,24.08,110.17,China
Lamang,hia,Biu-Mandara,Afro-Asiatic,Africa,11.25,13.58,Nigeria
Lamani,lmn,Indic,Indo-European,Eurasia,17.0,77.0,India
Lam�,lme,Masa,Afro-Asiatic,Africa,9.0,14.5,Chad
Lamnso',lns,Bantoid,Niger-Congo,Africa,6.17,10.75,Cameroon
Lamu-Lamu,lby,Northern Pama-Nyungan,Pama-Nyungan,Australia,-14.83,144.5,Australia
Langi,lag,Bantoid,Niger-Congo,Africa,-4.5,36.0,Tanzania
Lango,laj,Nilotic,Eastern Sudanic,Africa,2.17,33.0,Uganda
Lao,lao,Kam-Tai,Tai-Kadai,Eurasia,18.0,103.0,Laos
Laragia,lrg,Laragia,Darwin Region,Australia,-12.67,130.83,Australia
Lardil,lbz,Tangkic,Tangkic,Australia,-16.5,139.33,Australia
Lavukaleve,lvk,Lavukaleve,Solomons East Papuan,Papunesia,-9.08,159.2,Solomon Islands
Laz,lzz,Kartvelian,Kartvelian,Eurasia,41.5,41.5,Georgia
Lega,lea,Bantoid,Niger-Congo,Africa,-2.83,27.17,Democratic Republic of Congo
Leggb�,agb,Cross River,Niger-Congo,Africa,6.0,8.0,Nigeria
Leko,lec,Leko,Leko,South America,-15.0,-67.92,Bolivia
Lele,lln,East Chadic,Afro-Asiatic,Africa,9.08,15.58,Chad
Lelemi,lef,Kwa,Niger-Congo,Africa,7.33,0.5,Ghana
Lenakel,tnl,Oceanic,Austronesian,Papunesia,-19.45,169.25,Vanuatu
Lendu,led,Lendu,Central Sudanic,Africa,2.0,30.5,Democratic Republic of Congo
Lepcha,lep,Lepcha,Sino-Tibetan,Eurasia,27.17,88.5,Bhutan
Lese,les,Mangbutu-Efe,Central Sudanic,Africa,2.0,29.0,Democratic Republic of Congo
Leti,lti,Central Malayo-Polynesian,Austronesian,Papunesia,-8.2,127.67,Indonesia
Lezgian,lez,Lezgic,Nakh-Daghestanian,Eurasia,41.67,47.83,Azerbaijan
Limilngan,lmc,Limilngan,Darwin Region,Australia,-12.5,131.92,Australia
Lingala,lin,Bantoid,Niger-Congo,Africa,2.0,18.5,Democratic Republic of Congo
Linngithig,lnj,Northern Pama-Nyungan,Pama-Nyungan,Australia,-12.5,142.83,Australia
Lisu,lis,Burmese-Lolo,Sino-Tibetan,Eurasia,26.0,98.0,China
Lithuanian,lit,Baltic,Indo-European,Eurasia,55.0,24.0,Lithuania
Liv,liv,Finnic,Uralic,Eurasia,56.83,24.0,Latvia
Logoti,log,Moru-Ma'di,Central Sudanic,Africa,3.5,30.0,Democratic Republic of Congo
Loko,lok,Western Mande,Mande,Africa,9.33,-12.08,Sierra Leone
Loma,lom,Western Mande,Mande,Africa,8.0,-9.5,Guinea
Londo,bdu,Bantoid,Niger-Congo,Africa,5.0,9.17,Cameroon
Loniu,los,Oceanic,Austronesian,Papunesia,-2.07,147.33,Papua New Guinea
Lotha,njh,Kuki-Chin,Sino-Tibetan,Eurasia,26.5,94.25,India
Low German,nds,Germanic,Indo-European,Eurasia,53.0,10.0,Germany
L�,khb,Kam-Tai,Tai-Kadai,Eurasia,22.0,100.67,China
Lua,nie,Bua,Niger-Congo,Africa,9.75,17.75,Chad
Lucazi,lch,Bantoid,Niger-Congo,Africa,-14.0,20.0,Angola
Luganda,lug,Bantoid,Niger-Congo,Africa,0.5,32.17,Uganda
Lugbara,lgg,Moru-Ma'di,Central Sudanic,Africa,3.08,30.92,Democratic Republic of Congo
Luise�o,lui,California Uto-Aztecan,Uto-Aztecan,North America,33.33,-117.17,United States
Lummi,str,Central Salish,Salishan,North America,48.7,-122.67,United States
Lunda,lun,Bantoid,Niger-Congo,Africa,-10.67,24.0,Democratic Republic of Congo
Lungchang,nst,Northern Naga,Sino-Tibetan,Eurasia,27.5,96.42,India
Luo,luo,Nilotic,Eastern Sudanic,Africa,-0.5,34.75,Kenya
Lusi,khl,Oceanic,Austronesian,Papunesia,-5.58,149.67,Papua New Guinea
Luvale,lue,Bantoid,Niger-Congo,Africa,-12.0,22.0,Angola
Luwo,lwo,Nilotic,Eastern Sudanic,Africa,8.0,28.0,South Sudan
Luxemburgeois,ltz,Germanic,Indo-European,Eurasia,49.83,6.17,Luxembourg
Lyele,lee,Southern-Central Gur,Niger-Congo,Africa,12.5,-2.67,Burkina Faso
Maasai,mas,Nilotic,Eastern Sudanic,Africa,-3.0,36.0,Kenya
Maba,mde,Maban,Maban,Africa,13.75,20.83,Chad
Maca,mca,Matacoan,Matacoan,South America,-25.0,-57.5,Paraguay
Macagu�n,mbn,Guahiban,Guahiban,South America,6.5,-71.33,Colombia
Macedonian,mkd,Slavic,Indo-European,Eurasia,41.67,21.75,Macedonia
Machiguenga,mcb,Pre-Andine Arawakan,Arawakan,South America,-12.0,-72.67,Peru
Macuna,myy,Tucanoan,Tucanoan,South America,-0.33,-70.17,Colombia
Macushi,mbc,Cariban,Cariban,South America,4.0,-60.0,Guyana
Mada (in Cameroon),mxu,Biu-Mandara,Afro-Asiatic,Africa,10.83,14.17,Cameroon
Mada (in Nigeria),mda,Platoid,Niger-Congo,Africa,8.75,8.25,Nigeria
Ma'di,mhi,Moru-Ma'di,Central Sudanic,Africa,3.25,31.5,Uganda
Madurese,mad,Malayo-Sumbawan,Austronesian,Papunesia,-7.0,113.5,Indonesia
Magahi,mag,Indic,Indo-European,Eurasia,23.5,85.5,India
Mah Meri,mhe,Aslian,Austro-Asiatic,Eurasia,2.83,101.5,Malaysia
Maidu (Northeast),nmu,Maiduan,Penutian,North America,40.0,-120.67,United States
Maithili,mai,Indic,Indo-European,Eurasia,26.0,86.0,India
Makaa,mcp,Bantoid,Niger-Congo,Africa,3.42,12.25,Cameroon
Makassar,mak,South Sulawesi,Austronesian,Papunesia,-5.42,119.58,Indonesia
Makonde,kde,Bantoid,Niger-Congo,Africa,-11.0,40.0,Mozambique
Malagasy,plt,Barito,Austronesian,Africa,-20.0,47.0,Madagascar
Malakmalak,mpb,Northern Daly,Northern Daly,Australia,-13.42,130.42,Australia
Malay,zsm,Malayo-Sumbawan,Austronesian,Eurasia,3.0,102.0,Malaysia
Malayalam,mal,Southern Dravidian,Dravidian,Eurasia,10.0,76.5,India
Malgwa,mfi,Biu-Mandara,Afro-Asiatic,Africa,11.5,13.75,Nigeria
Maltese,mlt,Semitic,Afro-Asiatic,Eurasia,35.92,14.42,Malta
Mam,mam,Mayan,Mayan,North America,15.0,-91.83,Guatemala
Mambai,mcs,Mbumic,Niger-Congo,Africa,9.67,14.0,Chad
Mambwe,mgr,Bantoid,Niger-Congo,Africa,-9.08,31.17,Zambia
Mampruli,maw,Northern-Central Gur,Niger-Congo,Africa,10.33,-0.67,Togo
Manadonese,xmm,Malayo-Sumbawan,Austronesian,Papunesia,1.5,124.83,Indonesia
Manam,mva,Oceanic,Austronesian,Papunesia,-4.0,145.0,Papua New Guinea
Manange,nmm,Bodic,Sino-Tibetan,Eurasia,28.58,84.0,Nepal
Manchu,mnc,Tungusic,Altaic,Eurasia,49.5,127.5,China
Mandarin,cmn,Chinese,Sino-Tibetan,Eurasia,34.0,110.0,China
Mandinka,mnk,Western Mande,Mande,Africa,13.0,-15.67,Mali
Mandinka (Gambian),mnk,Western Mande,Mande,Africa,13.42,-16.0,Gambia
Mangarrayi,mpc,Mangarrayi,Mangarrayi-Maran,Australia,-14.67,133.5,Australia
Mangbetu,mdj,Mangbetu,Central Sudanic,Africa,2.5,26.5,Democratic Republic of Congo
Mangghuer,mjg,Mongolic,Altaic,Eurasia,36.0,102.0,China
Maninka,emk,Western Mande,Mande,Africa,10.5,-9.5,Sierra Leone
Maninka (Western),mlq,Western Mande,Mande,Africa,13.0,-11.0,Mali
Mankon,nge,Bantoid,Niger-Congo,Africa,6.0,10.17,Cameroon
Mano,mev,Eastern Mande,Mande,Africa,7.0,-9.0,Guinea
Mansi,mns,Ugric,Uralic,Eurasia,62.0,62.0,Russia
Mantjiltjara,mpj,Western Pama-Nyungan,Pama-Nyungan,Australia,-22.67,125.08,Australia
Maori,mri,Oceanic,Austronesian,Papunesia,-40.0,176.0,New Zealand
Mapoyo,mcg,Cariban,Cariban,South America,6.0,-67.0,Venezuela
Mapudungun,arn,Araucanian,Araucanian,South America,-38.0,-72.0,Chile
Mara,mec,Mara,Mangarrayi-Maran,Australia,-15.0,135.17,Australia
Maranao,mrw,Greater Central Philippine,Austronesian,Papunesia,7.83,124.25,Philippines
Maranungku,zmr,Wagaydy,Western Daly,Australia,-13.67,130.0,Australia
Marathi,mar,Indic,Indo-European,Eurasia,19.0,76.0,India
Margany,zmc,Northern Pama-Nyungan,Pama-Nyungan,Australia,-27.0,144.5,Australia
Margi,mrt,Biu-Mandara,Afro-Asiatic,Africa,11.0,13.0,Nigeria
Mari (Hill),mrj,Mari,Uralic,Eurasia,57.0,58.0,Russia
Mari (Meadow),mhr,Mari,Uralic,Eurasia,57.0,48.0,Russia
Maringarr,zmt,Bringen,Western Daly,Australia,-14.25,130.0,Australia
Marrithiyel,mfr,Bringen,Western Daly,Australia,-13.83,130.0,Australia
Martu Wangka,mpj,Western Pama-Nyungan,Pama-Nyungan,Australia,-21.5,126.0,Australia
Martuthunira,vma,Western Pama-Nyungan,Pama-Nyungan,Australia,-20.83,116.5,Australia
Masalit,mls,Maban,Maban,Africa,13.33,22.0,Chad
Matis,mpq,Panoan,Panoan,South America,-4.42,-70.25,Brazil
Matngele,zml,Eastern Daly,Eastern Daly,Australia,-13.83,130.42,Australia
Mats�s,mcf,Panoan,Panoan,South America,-5.42,-73.25,Brazil
Matuumbi,mgw,Bantoid,Niger-Congo,Africa,-8.5,39.0,Tanzania
Maung,mph,Iwaidjan,Iwaidjan,Australia,-11.92,133.5,Australia
Mauritian Creole,mfe,Creoles and Pidgins,other,Africa,-20.33,57.5,Mauritius
Maxakal�,mbl,Maxakal�,Macro-Ge,South America,-18.0,-40.0,Brazil
Maybrat,ayz,North-Central Bird's Head,West Papuan,Papunesia,-1.33,132.5,Indonesia
Mayogo,mdm,Ubangi,Niger-Congo,Africa,3.0,29.0,Democratic Republic of Congo
Mazanderani,mzn,Iranian,Indo-European,Eurasia,36.5,52.0,Iran
Mazatec (Chiquihuitl�n),maq,Popolocan,Oto-Manguean,North America,17.75,-96.92,Mexico
Mba,mfc,Ubangi,Niger-Congo,Africa,1.0,25.0,Democratic Republic of Congo
Mbalanhu,lnb,Bantoid,Niger-Congo,Africa,-17.5,15.0,Namibia
Mbay,myb,Bongo-Bagirmi,Central Sudanic,Africa,8.25,17.5,Chad
Mbodomo,gmm,Gbaya-Manza-Ngbaka,Niger-Congo,Africa,4.5,15.5,Central African Republic
Mbum,mdd,Mbumic,Niger-Congo,Africa,7.75,13.17,Central African Republic
Me'en,mym,Surmic,Eastern Sudanic,Africa,5.0,37.0,Ethiopia
Mehri,gdq,Semitic,Afro-Asiatic,Eurasia,17.0,51.5,Yemen
Meithei,mni,Kuki-Chin,Sino-Tibetan,Eurasia,24.75,94.0,India
Mekens,skf,Tupari,Tupian,South America,-12.5,-61.5,Brazil
Mende,men,Western Mande,Mande,Africa,7.83,-11.5,Sierra Leone
Mian,mpt,Ok,Trans-New Guinea,Papunesia,-4.75,141.5,Papua New Guinea
Michif,crg,Algonquian,Algic,North America,52.0,-100.17,Canada
Mien,ium,Hmong-Mien,Hmong-Mien,Eurasia,25.0,111.0,China
Miisiirii,tma,Taman,Eastern Sudanic,Africa,13.5,22.0,Chad
Miju,mxj,Tani,Sino-Tibetan,Eurasia,29.0,96.0,India
Mikir,mjw,Kuki-Chin,Sino-Tibetan,Eurasia,26.33,93.5,India
Mina,hna,Biu-Mandara,Afro-Asiatic,Africa,10.33,13.83,Cameroon
Minangkabau,min,Malayo-Sumbawan,Austronesian,Papunesia,-1.0,101.0,Indonesia
Mingrelian,xmf,Kartvelian,Kartvelian,Eurasia,42.5,42.0,Georgia
Miri (Hill):,mrg,Tani,Sino-Tibetan,Eurasia,27.92,93.83,India
Miriwung,mep,Jarrakan,Jarrakan,Australia,-15.67,129.0,Australia
Mirniny,nju,Western Pama-Nyungan,Pama-Nyungan,Australia,-31.0,129.0,Australia
Mising,mrg,Tani,Sino-Tibetan,Eurasia,28.5,94.83,India
M�skito Coast English Creole,bzj,Creoles and Pidgins,other,North America,16.25,-88.83,Belize
Miwok (Lake),lmw,Miwok,Penutian,North America,38.92,-122.67,United States
Miwok (Southern Sierra),skd,Miwok,Penutian,North America,37.5,-120.0,United States
Mixe (Totontepec),mto,Mixe-Zoque,Mixe-Zoque,North America,17.25,-96.0,Mexico
Mixtec (Chalcatongo),mig,Mixtecan,Oto-Manguean,North America,17.05,-97.58,Mexico
Mixtec (Molinos),mig,Mixtecan,Oto-Manguean,North America,17.0,-97.58,Mexico
Mixtec (San Miguel el Grande),mig,Mixtecan,Oto-Manguean,North America,17.05,-97.57,Mexico
Mizo,lus,Kuki-Chin,Sino-Tibetan,Eurasia,23.17,92.83,Bangladesh
Mocov�,moc,South Guaicuruan,Guaicuruan,South America,-28.0,-60.5,Argentina
Mofu-Gudur,mif,Biu-Mandara,Afro-Asiatic,Africa,10.5,14.0,Cameroon
Moghol,mhj,Mongolic,Altaic,Eurasia,35.0,62.0,Afghanistan
Molala,mbe,Molala,Penutian,North America,44.5,-122.5,United States
Moldavian,ron,Romance,Indo-European,Eurasia,47.0,29.0,Moldova
Mongo,lol,Bantoid,Niger-Congo,Africa,0.0,21.0,Democratic Republic of Congo
Moor�,mos,Northern-Central Gur,Niger-Congo,Africa,12.83,-1.25,Burkina Faso
Mordvin (Erzya),myv,Mordvin,Uralic,Eurasia,53.0,45.5,Kazakhstan
Mordvin (Moksha),mdf,Mordvin,Uralic,Eurasia,54.0,44.0,Russia
Moro,mor,Heiban,Kordofanian,Africa,11.0,30.17,Sudan
Moru,mgd,Moru-Ma'di,Central Sudanic,Africa,4.75,29.75,South Sudan
Moset�n,cas,Mosetenan,Mosetenan,South America,-14.75,-67.83,Bolivia
Movima,mzp,Movima,Movima,South America,-13.83,-65.67,Bolivia
Mpongwe,mye,Bantoid,Niger-Congo,Africa,-1.25,9.5,Gabon
Mufian,aoj,Kombio-Arapesh,Torricelli,Papunesia,-3.5,143.0,Papua New Guinea
Muher,sgw,Semitic,Afro-Asiatic,Africa,8.17,38.17,Ethiopia
Muinane,bmr,Boran,Huitotoan,South America,-1.0,-72.5,Colombia
Muisca,chb,Chibcha-Duit,Chibchan,South America,5.0,-74.0,Colombia
Mumuye,mzm,Mumuye-Yandang,Niger-Congo,Africa,9.0,11.67,Nigeria
Muna,mnb,Celebic,Austronesian,Papunesia,-5.0,122.5,Indonesia
Mundang,mua,Mbumic,Niger-Congo,Africa,9.67,14.5,Chad
Mundani,mnf,Bantoid,Niger-Congo,Africa,5.67,9.92,Cameroon
Mundari,unr,Munda,Austro-Asiatic,Eurasia,23.0,84.67,India
M�nd�,muh,Ubangi,Niger-Congo,Africa,4.5,30.0,Democratic Republic of Congo
Munduruk�,myu,Munduruku,Tupian,South America,-7.0,-58.0,Brazil
Mungaka,mhk,Bantoid,Niger-Congo,Africa,5.92,10.0,Cameroon
Mupun,sur,West Chadic,Afro-Asiatic,Africa,9.5,8.83,Nigeria
Murle,mur,Surmic,Eastern Sudanic,Africa,6.5,33.5,South Sudan
Murrinh-Patha,mwf,Murrinh-Patha,Southern Daly,Australia,-14.67,129.67,Australia
Mursi,muz,Surmic,Eastern Sudanic,Africa,5.58,36.08,Ethiopia
Muruwari,zmu,Southeastern Pama-Nyungan,Pama-Nyungan,Australia,-28.75,147.0,Australia
Musqueam,hur,Central Salish,Salishan,North America,49.17,-123.0,Canada
Mwotlap,mlv,Oceanic,Austronesian,Papunesia,-13.58,167.58,Vanuatu
Nad�b,mbj,Nadahup,Nadahup,South America,-1.0,-66.5,Brazil
Nadroga,fij,Oceanic,Austronesian,Papunesia,-18.08,177.42,Fiji
Nafaanra,nfr,Senufo,Niger-Congo,Africa,8.0,-2.58,C�te d'Ivoire
Naga (Mao),nbi,Kuki-Chin,Sino-Tibetan,Eurasia,25.5,94.33,India
Naga (Tangkhul),nmf,Kuki-Chin,Sino-Tibetan,Eurasia,25.0,94.5,India
Naga Pidgin,nag,Creoles and Pidgins,other,Eurasia,25.67,94.0,India
Nahuatl (Michoac�n),ncl,Aztecan,Uto-Aztecan,North America,18.5,-103.0,Mexico
Nahuatl (North Puebla),ncj,Aztecan,Uto-Aztecan,North America,20.0,-98.25,Mexico
Nakkara,nck,Nakkara,Mangrida,Australia,-12.12,134.42,Australia
Nama,naq,Khoe-Kwadi,Khoe-Kwadi,Africa,-25.5,18.0,Namibia
Nambiku�ra (Southern),nab,Nambikuaran,Nambikuaran,South America,-14.0,-59.5,Brazil
Namia,nnm,Yellow River,Sepik,Papunesia,-3.83,141.75,Papua New Guinea
Nanai,gld,Tungusic,Altaic,Eurasia,49.5,137.0,Russia
Nancowry,ncb,Nicobarese,Austro-Asiatic,Eurasia,8.05,93.5,India
Nankina,nnk,Finisterre-Huon,Trans-New Guinea,Papunesia,-5.78,146.45,Papua New Guinea
Nara (in Ethiopia),nrb,Nara,Eastern Sudanic,Africa,15.08,37.58,Eritrea
Nar-Phu,npa,Bodic,Sino-Tibetan,Eurasia,28.67,84.25,Nepal
Nasioi,nas,East Bougainville,East Bougainville,Papunesia,-6.33,155.58,Papua New Guinea
Nateni,ntm,Northern-Central Gur,Niger-Congo,Africa,10.5,1.17,Benin
Nat�gu,ntu,Oceanic,Austronesian,Papunesia,-10.78,165.87,Solomon Islands
Navajo,nav,Athapaskan,Na-Dene,North America,36.17,-108.0,United States
Naxi,nxq,Naxi,Sino-Tibetan,Eurasia,27.5,100.0,China
Nc�m,bud,Northern-Central Gur,Niger-Congo,Africa,9.33,0.67,Togo
Ndj�bbana,djj,Ndj�bbana,Mangrida,Australia,-12.17,134.12,Australia
Ndogo,ndz,Ubangi,Niger-Congo,Africa,7.75,27.0,South Sudan
Ndonga,ndo,Bantoid,Niger-Congo,Africa,-18.0,17.0,Angola
Ndut,ndv,Cangin,Niger-Congo,Africa,14.92,-16.92,Senegal
Nenets,yrk,Samoyedic,Uralic,Eurasia,70.0,76.0,Russia
Nenets (Forest),yrk,Samoyedic,Uralic,Eurasia,69.0,72.0,Russia
Neo-Aramaic (Amadiya),cld,Semitic,Afro-Asiatic,Eurasia,37.0,43.0,Iraq
Neo-Aramaic (Persian Azerbaijan),trg,Semitic,Afro-Asiatic,Eurasia,38.0,47.0,Iran
Nevome,ood,Tepiman,Uto-Aztecan,North America,31.0,-112.5,Mexico
Newar (Dolakha),new,Mahakiranti,Sino-Tibetan,Eurasia,27.33,86.0,Nepal
Newari (Kathmandu),new,Mahakiranti,Sino-Tibetan,Eurasia,27.67,85.5,Nepal
Nez Perce,nez,Sahaptian,Penutian,North America,46.0,-116.0,United States
Ngaanyatjarra,ntj,Western Pama-Nyungan,Pama-Nyungan,Australia,-26.0,126.5,Australia
Ngad'a,nxg,Central Malayo-Polynesian,Austronesian,Papunesia,-8.83,121.0,Indonesia
Ngadjumaja,nju,Western Pama-Nyungan,Pama-Nyungan,Australia,-32.33,123.83,Australia
Ngalakan,nig,Ngalakan,Gunwinyguan,Australia,-14.25,134.0,Australia
Ngalkbun,ngk,Gunwinygic,Gunwinyguan,Australia,-13.5,134.83,Australia
Ngambay,sba,Bongo-Bagirmi,Central Sudanic,Africa,8.67,16.0,Chad
Nganasan,nio,Samoyedic,Uralic,Eurasia,71.0,93.0,Russia
Ngandi,nid,Ngandi,Gunwinyguan,Australia,-13.83,135.0,Australia
Ngan'gityemerri,nam,Ngankikurungkurr,Southern Daly,Australia,-14.25,130.42,Australia
Ngankikurungkurr,nam,Ngankikurungkurr,Southern Daly,Australia,-14.0,130.5,Australia
Ngarinyeri,nay,Southeastern Pama-Nyungan,Pama-Nyungan,Australia,-36.0,140.0,Australia
Ngarinyman,nbj,Western Pama-Nyungan,Pama-Nyungan,Australia,-16.5,130.5,Australia
Ngarla,nrk,Western Pama-Nyungan,Pama-Nyungan,Australia,-20.0,119.0,Australia
Ngarluma,nrl,Western Pama-Nyungan,Pama-Nyungan,Australia,-20.83,117.5,Australia
Ngawun,nxn,Northern Pama-Nyungan,Pama-Nyungan,Australia,-19.0,141.5,Australia
Ngbaka (Minagende),nga,Gbaya-Manza-Ngbaka,Niger-Congo,Africa,3.5,20.0,Democratic Republic of Congo
Ngemba,nge,Bantoid,Niger-Congo,Africa,6.2,10.0,Cameroon
Ngiti,niy,Lendu,Central Sudanic,Africa,1.33,30.25,Democratic Republic of Congo
Ngiyambaa,wyb,Southeastern Pama-Nyungan,Pama-Nyungan,Australia,-31.75,145.5,Australia
Ngizim,ngi,West Chadic,Afro-Asiatic,Africa,12.08,10.92,Nigeria
Nias,nia,Northwest Sumatra-Barrier Islands,Austronesian,Papunesia,1.0,97.75,Indonesia
Nicobarese,ncb,Nicobarese,Austro-Asiatic,Eurasia,7.0,93.83,India
Nicobarese (Car),caq,Nicobarese,Austro-Asiatic,Eurasia,9.0,93.0,India
Nigerian Pidgin,pcm,Creoles and Pidgins,other,Africa,6.5,3.33,Nigeria
Nimboran,nir,Nimboran,Nimboran,Papunesia,-2.5,140.17,Indonesia
Ningil,niz,Wapei-Palei,Torricelli,Papunesia,-3.5,142.25,Papua New Guinea
Nisgha,ncg,Tsimshianic,Penutian,North America,55.0,-130.0,Canada
Nivacle,cag,Matacoan,Matacoan,South America,-23.5,-60.5,Paraguay
Nivkh,niv,Nivkh,Nivkh,Eurasia,53.33,142.0,Russia
Nivkh (South Sakhalin),niv,Nivkh,Nivkh,Eurasia,47.0,142.5,Russia
Nkonya,nko,Kwa,Niger-Congo,Africa,7.17,0.25,Ghana
Nobiin,fia,Nubian,Eastern Sudanic,Africa,21.0,31.0,Egypt
Nomatsiguenga,not,Pre-Andine Arawakan,Arawakan,South America,-11.67,-74.5,Peru
Noni,nhu,Bantoid,Niger-Congo,Africa,6.42,10.58,Cameroon
Norwegian,nob,Germanic,Indo-European,Eurasia,61.0,8.0,Norway
Ntomba,nto,Bantoid,Niger-Congo,Africa,-2.0,18.33,Democratic Republic of Congo
Nubi,kcn,Creoles and Pidgins,other,Africa,0.67,32.08,Uganda
Nuer,nus,Nilotic,Eastern Sudanic,Africa,8.33,32.0,Ethiopia
Nukak,mbr,Cacua-Nukak,Cacua-Nukak,South America,2.5,-71.5,Colombia
Nung (in Vietnam),nut,Kam-Tai,Tai-Kadai,Eurasia,21.92,106.42,Vietnam
Nunggubuyu,nuy,Nunggubuyu,Gunwinyguan,Australia,-13.75,135.67,Australia
Nuni (Northern),nuv,Southern-Central Gur,Niger-Congo,Africa,12.17,-3.0,Burkina Faso
Nuosu,iii,Burmese-Lolo,Sino-Tibetan,Eurasia,28.0,103.0,China
Nupe,nup,Nupoid,Niger-Congo,Africa,9.17,5.42,Nigeria
Nyah Kur (Tha Pong),cbn,Monic,Austro-Asiatic,Eurasia,15.67,101.67,Thailand
Nyamal,nly,Western Pama-Nyungan,Pama-Nyungan,Australia,-21.0,119.0,Australia
Nyambo,now,Bantoid,Niger-Congo,Africa,-1.0,31.33,Tanzania
Nyamwezi,nym,Bantoid,Niger-Congo,Africa,-5.0,33.0,Tanzania
Nyangi,nyp,Kuliak,Eastern Sudanic,Africa,3.42,33.58,Uganda
Nyangumarda,nna,Western Pama-Nyungan,Pama-Nyungan,Australia,-20.0,121.0,Australia
Nyawaygi,nyt,Northern Pama-Nyungan,Pama-Nyungan,Australia,-19.0,146.17,Australia
Nyigina,nyh,Nyulnyulan,Nyulnyulan,Australia,-18.0,124.33,Australia
Nyimang,nyi,Nyimang,Eastern Sudanic,Africa,12.17,29.33,Sudan
Nyishi,njz,Tani,Sino-Tibetan,Eurasia,27.5,93.5,India
Nyulnyul,nyv,Nyulnyulan,Nyulnyulan,Australia,-17.0,122.83,Australia
Nyungar,nys,Western Pama-Nyungan,Pama-Nyungan,Australia,-33.75,122.0,Australia
Obolo,ann,Cross River,Niger-Congo,Africa,4.58,7.83,Nigeria
Ocaina,oca,Huitoto,Huitotoan,South America,-2.75,-71.75,Peru
Occitan,oci,Romance,Indo-European,Eurasia,44.0,2.0,France
Ogbia,ogb,Cross River,Niger-Congo,Africa,4.67,6.25,Nigeria
Oirat,xal,Mongolic,Altaic,Eurasia,37.5,93.0,China
Oku,oku,Bantoid,Niger-Congo,Africa,6.25,10.5,Cameroon
Olutec,plo,Mixe-Zoque,Mixe-Zoque,North America,17.95,-95.0,Mexico
Omagua,omg,Tupi-Guaran�,Tupian,South America,-4.0,-73.5,Peru
Oneida,one,Northern Iroquoian,Iroquoian,North America,43.0,-75.67,United States
Onge,oon,South Andamanese,South Andamanese,Eurasia,10.75,92.42,India
O'odham,ood,Tepiman,Uto-Aztecan,North America,32.0,-112.0,Mexico
Orej�n,ore,Tucanoan,Tucanoan,South America,-2.83,-72.5,Peru
Ormuri,oru,Iranian,Indo-European,Eurasia,32.5,69.75,Pakistan
Orokaiva,okv,Binanderean,Trans-New Guinea,Papunesia,-8.83,148.25,Papua New Guinea
Oromo (Boraana),gax,Lowland East Cushitic,Afro-Asiatic,Africa,4.5,38.5,Kenya
Oromo (Harar),hae,Lowland East Cushitic,Afro-Asiatic,Africa,9.0,42.0,Ethiopia
Ossetic,oss,Iranian,Indo-European,Eurasia,43.0,44.0,Russia
Otom� (Mezquital),ote,Otomian,Oto-Manguean,North America,20.17,-99.17,Mexico
Otoro,otr,Heiban,Kordofanian,Africa,11.17,30.5,Sudan
Paakantyi,drl,Central Pama-Nyungan,Pama-Nyungan,Australia,-32.5,142.5,Australia
Pacoh,pac,Katuic,Austro-Asiatic,Eurasia,16.42,107.08,Vietnam
P�ez,pbb,P�ezan,P�ezan,South America,2.67,-76.0,Colombia
Paite,pck,Kuki-Chin,Sino-Tibetan,Eurasia,24.0,93.17,India
Paiute (Northern),pao,Numic,Uto-Aztecan,North America,42.0,-118.0,United States
Paiute (Southern),ute,Numic,Uto-Aztecan,North America,37.83,-113.33,United States
Paiwan,pwn,Paiwan,Austronesian,Papunesia,22.5,120.83,Taiwan
Pakanha,pkn,Northern Pama-Nyungan,Pama-Nyungan,Australia,-14.5,142.42,Australia
Palauan,pau,Palauan,Austronesian,Papunesia,7.5,134.58,Palau
Palikur,plu,Eastern Arawakan,Arawakan,South America,3.0,-51.0,Brazil
Palor,fap,Cangin,Niger-Congo,Africa,14.83,-16.75,Senegal
Panar�,kre,Ge-Kaingang,Macro-Ge,South America,-10.0,-55.0,Brazil
Panare,pbh,Cariban,Cariban,South America,6.5,-66.0,Venezuela
Pangasinan,pag,Northern Luzon,Austronesian,Papunesia,15.92,120.33,Philippines
Pangwa,pbr,Bantoid,Niger-Congo,Africa,-10.0,34.75,Tanzania
Panjabi,pan,Indic,Indo-European,Eurasia,31.0,74.0,Pakistan
Panyjima,pnw,Western Pama-Nyungan,Pama-Nyungan,Australia,-22.83,118.42,Australia
Parauk,prk,Palaungic,Austro-Asiatic,Eurasia,23.25,99.5,China
Paresi,pab,Central Arawakan,Arawakan,South America,-14.0,-57.5,Brazil
Parji (Dravidian),pci,Central Dravidian,Dravidian,Eurasia,19.5,82.5,India
Pashto,pst,Iranian,Indo-European,Eurasia,33.0,67.0,Pakistan
Patep,ptp,Oceanic,Austronesian,Papunesia,-6.92,146.58,Papua New Guinea
Pattani,lae,Bodic,Sino-Tibetan,Eurasia,32.75,76.75,India
Paumar�,pad,Arauan,Arauan,South America,-6.0,-64.0,Brazil
Pech,pay,Paya,Chibchan,North America,15.0,-85.5,Honduras
Pemon,aoc,Cariban,Cariban,South America,5.33,-62.0,Guyana
Pengo,peg,South-Central Dravidian,Dravidian,Eurasia,19.83,83.83,India
Pero,pip,West Chadic,Afro-Asiatic,Africa,9.58,11.0,Nigeria
Persian,pes,Iranian,Indo-European,Eurasia,32.0,54.0,Iran
Phlong,pww,Karen,Sino-Tibetan,Eurasia,15.0,99.0,Thailand
Piapoco,pio,Inland Northern Arawakan,Arawakan,South America,4.0,-69.5,Colombia
Piaroa,pid,Piaroa,S�liban,South America,5.0,-67.0,Venezuela
Pilag�,plg,South Guaicuruan,Guaicuruan,South America,-25.0,-60.0,Argentina
Pintupi,piu,Western Pama-Nyungan,Pama-Nyungan,Australia,-23.0,129.0,Australia
Pirah�,myp,Mura,Mura,South America,-7.0,-62.0,Brazil
Piratapuyo,pir,Tucanoan,Tucanoan,South America,0.33,-69.5,Colombia
Piro,pib,Purus,Arawakan,South America,-11.0,-73.5,Peru
Pitjantjatjara,pjt,Western Pama-Nyungan,Pama-Nyungan,Australia,-26.0,130.0,Australia
Pitta Pitta,pit,Central Pama-Nyungan,Pama-Nyungan,Australia,-22.83,140.0,Australia
Podoko,pbi,Biu-Mandara,Afro-Asiatic,Africa,11.0,14.08,Cameroon
Pohnpeian,pon,Oceanic,Austronesian,Papunesia,6.88,158.25,Micronesia
Pokot,pko,Nilotic,Eastern Sudanic,Africa,1.5,35.5,Kenya
Polish,pol,Slavic,Indo-European,Eurasia,52.0,20.0,Poland
Pomo (Northern),pej,Pomoan,Hokan,North America,39.33,-123.5,United States
Pomo (Southeastern),pom,Pomoan,Hokan,North America,39.0,-122.5,United States
Portuguese,por,Romance,Indo-European,Eurasia,39.0,-8.0,Portugal
Pr�ncipense,pre,Creoles and Pidgins,other,Africa,1.62,7.37,S�o Tom� e Pr�ncipe
Proven�al,oci,Romance,Indo-European,Eurasia,44.0,6.0,France
Puinave,pui,Puinave,Puinave,South America,4.0,-68.0,Colombia
Pungupungu,wdj,Anson Bay,Anson Bay,Australia,-13.5,130.42,Australia
Pur�pecha,tsz,Tarascan,Tarascan,North America,19.5,-101.67,Mexico
Purki,prx,Bodic,Sino-Tibetan,Eurasia,34.67,76.0,India
Qafar,aar,Lowland East Cushitic,Afro-Asiatic,Africa,12.0,42.0,Ethiopia
Qaget,byx,Baining,Baining,Papunesia,-4.58,152.0,Papua New Guinea
Qawasqar,alc,Alacalufan,Alacalufan,South America,-49.0,-75.0,Chile
Quechan,yum,Yuman,Hokan,North America,32.83,-114.33,United States
Quechua (Ayacucho),quy,Quechuan,Quechuan,South America,-14.0,-74.0,Peru
Quechua (Cajamarca),qvc,Quechuan,Quechuan,South America,-7.0,-78.5,Peru
Quechua (Cochabamba),quh,Quechuan,Quechuan,South America,-17.5,-66.0,Bolivia
Quechua (Cuzco),quz,Quechuan,Quechuan,South America,-14.5,-71.0,Peru
Quechua (Ecuadorean),qug,Quechuan,Quechuan,South America,-1.0,-79.0,Ecuador
Quechua (Huallaga),qvh,Quechuan,Quechuan,South America,-9.5,-75.5,Peru
Quechua (Imbabura),qvi,Quechuan,Quechuan,South America,0.33,-78.0,Ecuador
Quechua (Tarma),qvn,Quechuan,Quechuan,South America,-11.42,-75.75,Peru
Quich�,quc,Mayan,Mayan,North America,15.0,-91.42,Guatemala
Quileute,qui,Chimakuan,Chimakuan,North America,47.92,-124.25,United States
Rama,rma,Rama,Chibchan,North America,11.75,-83.75,Nicaragua
Rang Pas,bod,Bodic,Sino-Tibetan,Eurasia,30.33,79.33,Nepal
Rawang,raw,Nungish,Sino-Tibetan,Eurasia,27.5,97.5,Myanmar
Rembarnga,rmb,Rembarnga,Gunwinyguan,Australia,-12.83,134.58,Australia
Remo,bfw,Munda,Austro-Asiatic,Eurasia,18.0,82.0,India
Rendille,rel,Lowland East Cushitic,Afro-Asiatic,Africa,2.0,37.5,Kenya
Res�garo,rgr,Inland Northern Arawakan,Arawakan,South America,-2.42,-71.5,Colombia
Retuar�,tnc,Tucanoan,Tucanoan,South America,-0.5,-70.67,Colombia
rGyalrong (Caodeng),jya,rGyalrong,Sino-Tibetan,Eurasia,31.67,101.75,China
Rikbaktsa,rkb,Rikbaktsa,Macro-Ge,South America,-11.83,-57.5,Brazil
Ritharngu,rit,Western Pama-Nyungan,Pama-Nyungan,Australia,-12.83,135.5,Australia
Romani (Kalderash),rmy,Indic,Indo-European,Eurasia,45.0,21.0,Serbia and Montenegro
Romani (Lovari),rmy,Indic,Indo-European,Eurasia,47.0,21.5,Hungary
Romanian,ron,Romance,Indo-European,Eurasia,46.0,25.0,Romania
Romansch,roh,Romance,Indo-European,Eurasia,46.67,9.17,Switzerland
Romansch (Scharans),roh,Romance,Indo-European,Eurasia,46.75,9.5,Switzerland
Romansch (Surmeiran),roh,Romance,Indo-European,Eurasia,46.58,9.75,Switzerland
Romansch (Sursilvan),roh,Romance,Indo-European,Eurasia,46.67,8.83,Switzerland
Ronga,rng,Bantoid,Niger-Congo,Africa,-26.0,32.5,Mozambique
Roro,rro,Oceanic,Austronesian,Papunesia,-8.75,146.58,Papua New Guinea
Rotokas,roo,West Bougainville,West Bougainville,Papunesia,-6.0,155.17,Papua New Guinea
Rukai (Tanan),dru,Rukai,Austronesian,Papunesia,22.83,120.83,Taiwan
Rundi,run,Bantoid,Niger-Congo,Africa,-3.5,30.0,Burundi
Runyankore,nyn,Bantoid,Niger-Congo,Africa,-0.5,30.5,Uganda
Russian,rus,Slavic,Indo-European,Eurasia,56.0,38.0,Russia
Rutul,rut,Lezgic,Nakh-Daghestanian,Eurasia,41.5,47.42,Azerbaijan
Saami (Central-South),sma,Saami,Uralic,Eurasia,64.67,16.75,Sweden
Saami (Kildin),sjd,Saami,Uralic,Eurasia,67.0,37.0,Russia
Saami (Northern),sme,Saami,Uralic,Eurasia,69.0,24.0,Norway
Saanich,str,Central Salish,Salishan,North America,48.58,-123.42,Canada
Sa'ban,snv,North Borneo,Austronesian,Papunesia,3.67,115.67,Indonesia
Saek,skb,Kam-Tai,Tai-Kadai,Eurasia,17.42,104.75,Laos
Salar,slr,Turkic,Altaic,Eurasia,35.0,103.0,China
S�liba (in Colombia),slc,S�liba,S�liban,South America,6.0,-70.0,Colombia
Salish (Samish Straits),str,Central Salish,Salishan,North America,48.58,-122.58,United States
Salish (Southern Puget Sound),slh,Central Salish,Salishan,North America,47.25,-122.5,United States
Salish (Straits),str,Central Salish,Salishan,North America,48.75,-123.25,Canada
Sama (Southern),ssb,Sama-Bajaw,Austronesian,Papunesia,4.5,118.5,Malaysia
Samba Leko,ndi,Samba-Duru,Niger-Congo,Africa,8.5,12.5,Nigeria
Samo,smq,East Strickland,East Strickland,Papunesia,-6.17,142.25,Papua New Guinea
Sandawe,sad,Sandawe,Sandawe,Africa,-5.0,35.0,Tanzania
Sango,sag,Ubangi,Niger-Congo,Africa,5.0,18.0,Central African Republic
Santa,sce,Mongolic,Altaic,Eurasia,31.5,107.5,China
Santali,sat,Munda,Austro-Asiatic,Eurasia,24.5,87.0,India
Sanuma,xsu,Yanomam,Yanomam,South America,4.5,-64.67,Brazil
Sardinian,sro,Romance,Indo-European,Eurasia,40.0,9.0,Italy
Savosavo,svs,Savosavo,Solomons East Papuan,Papunesia,-9.13,159.8,Solomon Islands
Sayula Popoluca,pos,Mixe-Zoque,Mixe-Zoque,North America,17.83,-95.0,Mexico
Sebei,kpz,Nilotic,Eastern Sudanic,Africa,1.33,34.58,Uganda
Secoya,sey,Tucanoan,Tucanoan,South America,-0.33,-76.0,Ecuador
Sedang,sed,Bahnaric,Austro-Asiatic,Eurasia,14.83,108.0,Vietnam
Seediq,trv,Atayalic,Austronesian,Papunesia,24.17,121.42,Taiwan
Selaru,slu,Central Malayo-Polynesian,Austronesian,Papunesia,-8.2,131.0,Indonesia
Selepet,spl,Finisterre-Huon,Trans-New Guinea,Papunesia,-6.17,147.17,Papua New Guinea
Selknam,ona,Chon Proper,Chon,South America,-53.0,-70.0,Argentina
Selkup,sel,Samoyedic,Uralic,Eurasia,65.0,82.0,Russia
Sema,nsm,Kuki-Chin,Sino-Tibetan,Eurasia,26.0,94.5,India
Seme,sif,Kru,Niger-Congo,Africa,11.0,-4.92,Burkina Faso
Semelai,sza,Aslian,Austro-Asiatic,Eurasia,3.0,103.0,Malaysia
Senadi,sef,Senufo,Niger-Congo,Africa,9.5,-6.25,C�te d'Ivoire
Seneca,see,Northern Iroquoian,Iroquoian,North America,42.5,-77.5,United States
Sentani,set,Sentani,Sentani,Papunesia,-2.58,140.58,Indonesia
Seri,sei,Seri,Hokan,North America,29.0,-112.0,Mexico
Serrano,ser,California Uto-Aztecan,Uto-Aztecan,North America,34.5,-117.0,United States
Sesotho,sot,Bantoid,Niger-Congo,Africa,-28.0,27.0,Lesotho
Shabo,sbf,Shabo,Shabo,Africa,7.58,35.42,Ethiopia
Shan,shn,Kam-Tai,Tai-Kadai,Eurasia,22.0,98.0,Myanmar
Sharanahua,mcd,Panoan,Panoan,South America,-11.0,-70.0,Brazil
Shasta,sht,Shasta,Hokan,North America,41.83,-122.67,United States
Shawnee,sjw,Algonquian,Algic,North America,40.0,-83.0,United States
Sherpa,xsr,Bodic,Sino-Tibetan,Eurasia,27.75,86.83,Nepal
Shilluk,shk,Nilotic,Eastern Sudanic,Africa,9.67,31.75,South Sudan
Shina,scl,Indic,Indo-European,Eurasia,36.0,74.0,Pakistan
Shinassha,bwo,North Omotic,Afro-Asiatic,Africa,10.42,36.17,Ethiopia
Shipibo-Konibo,shp,Panoan,Panoan,South America,-7.5,-75.0,Peru
Shira Yughur,yuy,Mongolic,Altaic,Eurasia,38.0,99.0,China
Shiriana,shb,Yanomam,Yanomam,South America,3.5,-62.83,Brazil
Shona,sna,Bantoid,Niger-Congo,Africa,-18.0,31.0,Zimbabwe
Shuswap,shs,Interior Salish,Salishan,North America,52.0,-120.0,Canada
Siar,sjr,Oceanic,Austronesian,Papunesia,-4.67,152.92,Papua New Guinea
Sidaama,sid,Highland East Cushitic,Afro-Asiatic,Africa,6.67,38.5,Ethiopia
Sikkimese,sip,Bodic,Sino-Tibetan,Eurasia,27.83,88.5,India
Sindhi,snd,Indic,Indo-European,Eurasia,26.0,69.0,Pakistan
Sinhala,sin,Indic,Indo-European,Eurasia,7.0,80.5,Sri Lanka
Siona,snn,Tucanoan,Tucanoan,South America,0.33,-76.25,Ecuador
Sipakapense,qum,Mayan,Mayan,North America,15.25,-91.75,Guatemala
Siriano,sri,Tucanoan,Tucanoan,South America,0.75,-70.17,Colombia
Sirion�,srq,Tupi-Guaran�,Tupian,South America,-15.58,-64.0,Bolivia
Sisaala,sld,Southern-Central Gur,Niger-Congo,Africa,10.83,-2.67,Ghana
Skou,skv,Western Skou,Skou,Papunesia,-2.67,140.92,Indonesia
Slovak,slk,Slavic,Indo-European,Eurasia,49.0,20.0,Slovakia
Slovene,slv,Slavic,Indo-European,Eurasia,46.0,15.0,Slovenia
So,teu,Kuliak,Eastern Sudanic,Africa,2.58,34.75,Uganda
Soddo,gru,Semitic,Afro-Asiatic,Africa,8.5,38.5,Ethiopia
Solon,evn,Tungusic,Altaic,Eurasia,48.0,120.0,China
Somali,som,Lowland East Cushitic,Afro-Asiatic,Africa,3.0,45.0,Somalia
Songish,str,Central Salish,Salishan,North America,48.45,-123.33,Canada
Soninke,snk,Western Mande,Mande,Africa,15.0,-10.5,Burkina Faso
Sooke,str,Central Salish,Salishan,North America,48.33,-123.75,Canada
Soqotri,sqt,Semitic,Afro-Asiatic,Africa,12.5,54.0,Yemen
Sora,srb,Munda,Austro-Asiatic,Eurasia,20.0,84.33,India
Sorbian (Lower),dsb,Slavic,Indo-European,Eurasia,51.75,14.33,Germany
Sorbian (Upper),hsb,Slavic,Indo-European,Eurasia,51.83,14.5,Germany
Spanish,spa,Romance,Indo-European,Eurasia,40.0,-4.0,Spain
Spanish (Canary Islands),spa,Romance,Indo-European,Eurasia,28.0,-15.58,Spain
Spitian,bod,Bodic,Sino-Tibetan,Eurasia,32.25,78.0,India
Spokane,spo,Interior Salish,Salishan,North America,47.67,-117.75,United States
Squamish,squ,Central Salish,Salishan,North America,49.67,-123.17,Canada
Sre,kpm,Bahnaric,Austro-Asiatic,Eurasia,11.5,108.0,Vietnam
Subiya,sbs,Bantoid,Niger-Congo,Africa,-17.75,24.92,Namibia
Suena,sue,Binanderean,Trans-New Guinea,Papunesia,-7.75,147.55,Papua New Guinea
Sui,swi,Kam-Tai,Tai-Kadai,Eurasia,26.0,107.5,China
Sukuma,suk,Bantoid,Niger-Congo,Africa,-2.83,32.0,Tanzania
Sundanese,sun,Malayo-Sumbawan,Austronesian,Papunesia,-7.0,107.0,Indonesia
Sursurunga,sgz,Oceanic,Austronesian,Papunesia,-4.0,152.77,Papua New Guinea
Susu,sus,Western Mande,Mande,Africa,10.0,-13.0,Guinea
Svan,sva,Kartvelian,Kartvelian,Eurasia,43.0,42.5,Georgia
Swahili,swh,Bantoid,Niger-Congo,Africa,-6.5,39.0,Tanzania
Swedish,swe,Germanic,Indo-European,Eurasia,60.0,15.0,Finland
Swedish (V�sterbotten),swe,Germanic,Indo-European,Eurasia,64.25,19.75,Sweden
Taba,mky,South Halmahera - West New Guinea,Austronesian,Papunesia,0.0,127.5,Indonesia
Tacana,tna,Tacanan,Tacanan,South America,-13.5,-68.0,Bolivia
Tagalog,tgl,Greater Central Philippine,Austronesian,Papunesia,15.0,121.0,Philippines
Tajik,tgk,Iranian,Indo-European,Eurasia,38.67,70.0,Tajikistan
Tama,tma,Taman,Eastern Sudanic,Africa,14.5,22.0,Chad
Tamabo,mla,Oceanic,Austronesian,Papunesia,-15.67,167.17,Vanuatu
Tamashek,taq,Berber,Afro-Asiatic,Africa,20.0,-2.0,Mali
Tamil,tam,Southern Dravidian,Dravidian,Eurasia,11.0,78.5,India
Tamil (Spoken),tam,Southern Dravidian,Dravidian,Eurasia,11.0,78.0,India
Tampulma,tpm,Southern-Central Gur,Niger-Congo,Africa,10.42,-0.58,Ghana
Tanacross,tcb,Athapaskan,Na-Dene,North America,63.5,-143.5,United States
Tangale,tan,West Chadic,Afro-Asiatic,Africa,9.75,11.33,Nigeria
Tapiet�,tpj,Tupi-Guaran�,Tupian,South America,-19.75,-61.67,Paraguay
Tariana,tae,Inland Northern Arawakan,Arawakan,South America,1.0,-69.17,Brazil
Tarok,yer,Platoid,Niger-Congo,Africa,9.0,10.08,Nigeria
Tashlhiyt,shi,Berber,Afro-Asiatic,Africa,31.0,-5.0,Morocco
Tatana',txx,North Borneo,Austronesian,Papunesia,5.5,115.5,Malaysia
Tatar,tat,Turkic,Altaic,Eurasia,56.0,49.5,Russia
Tatar (Baraba),tat,Turkic,Altaic,Eurasia,55.33,78.33,Russia
Tatar (Mishar),tat,Turkic,Altaic,Eurasia,55.5,49.0,Russia
Tati (Southern),tks,Iranian,Indo-European,Eurasia,36.0,49.67,Iran
Tatuyo,tav,Tucanoan,Tucanoan,South America,0.42,-70.5,Colombia
Taushiro,trr,Taushiro,Taushiro,South America,-3.25,-75.5,Peru
Tausug,tsg,Greater Central Philippine,Austronesian,Papunesia,6.0,121.0,Malaysia
Tehuelche,teh,Chon Proper,Chon,South America,-48.0,-68.0,Argentina
Teke (Southern),kkw,Bantoid,Niger-Congo,Africa,-2.33,14.5,Congo
Telefol,tlf,Ok,Trans-New Guinea,Papunesia,-5.0,141.75,Papua New Guinea
Telugu,tel,South-Central Dravidian,Dravidian,Eurasia,16.0,79.0,India
Tem,kdh,Southern-Central Gur,Niger-Congo,Africa,8.67,0.5,Togo
Temein,teq,Temein,Eastern Sudanic,Africa,11.92,29.42,Sudan
Temiar,tea,Aslian,Austro-Asiatic,Eurasia,5.0,101.5,Malaysia
Temne,tem,Mel,Niger-Congo,Africa,8.67,-13.08,Sierra Leone
Tenyer,kza,Senufo,Niger-Congo,Africa,10.67,-4.5,Burkina Faso
Tepehua (Huehuetla),tee,Totonacan,Totonacan,North America,20.5,-98.0,Mexico
Tepehua (Tlachichilco),tpt,Totonacan,Totonacan,North America,20.58,-98.25,Mexico
Tera,ttr,Biu-Mandara,Afro-Asiatic,Africa,11.0,11.83,Nigeria
Ter�na,ter,Bolivia-Parana,Arawakan,South America,-20.0,-56.0,Brazil
Ternate,tft,North Halmaheran,West Papuan,Papunesia,0.83,127.25,Indonesia
Tetun,tet,Central Malayo-Polynesian,Austronesian,Papunesia,-9.0,126.0,East Timor
Tetun Dili,tet,Central Malayo-Polynesian,Austronesian,Papunesia,-8.58,125.58,East Timor
Tewa (Arizona),tew,Kiowa-Tanoan,Kiowa-Tanoan,North America,35.83,-110.42,United States
Tewa (Rio Grande),tew,Kiowa-Tanoan,Kiowa-Tanoan,North America,36.25,-106.17,United States
Tewa (San Juan Pueblo),tew,Kiowa-Tanoan,Kiowa-Tanoan,North America,36.08,-106.08,United States
Thadou,tcz,Kuki-Chin,Sino-Tibetan,Eurasia,24.42,93.92,India
Thai,tha,Kam-Tai,Tai-Kadai,Eurasia,16.0,101.0,Thailand
Thakali,ths,Bodic,Sino-Tibetan,Eurasia,29.0,83.75,Nepal
Thaypan,typ,Northern Pama-Nyungan,Pama-Nyungan,Australia,-14.83,143.17,Australia
Thulung,tdh,Mahakiranti,Sino-Tibetan,Eurasia,27.42,86.5,Nepal
Tibetan (Dingri),bod,Bodic,Sino-Tibetan,Eurasia,28.5,86.5,China
Tibetan (Drokpa),bod,Bodic,Sino-Tibetan,Eurasia,32.25,81.25,China
Tibetan (Modern Literary),bod,Bodic,Sino-Tibetan,Eurasia,29.83,91.5,China
Tibetan (Shigatse),bod,Bodic,Sino-Tibetan,Eurasia,29.0,89.0,China
Tibetan (Standard Spoken),bod,Bodic,Sino-Tibetan,Eurasia,30.0,91.0,China
Ticuna,tca,Ticuna,Ticuna,South America,-4.0,-70.5,Brazil
Tigak,tgc,Oceanic,Austronesian,Papunesia,-2.72,150.8,Papua New Guinea
Tigr�,tig,Semitic,Afro-Asiatic,Africa,16.5,38.5,Eritrea
Tigr� (Beni Amer),tig,Semitic,Afro-Asiatic,Africa,15.5,38.0,Eritrea
Tigrinya,tir,Semitic,Afro-Asiatic,Africa,14.5,38.5,Ethiopia
Tiipay (Jamul),dih,Yuman,Hokan,North America,32.17,-116.5,Mexico
Tikar,tik,Bantoid,Niger-Congo,Africa,5.83,11.67,Cameroon
Tiriyo,tri,Cariban,Cariban,South America,3.25,-55.75,Suriname
Tirmaga,suq,Surmic,Eastern Sudanic,Africa,5.75,35.25,Ethiopia
Tiruray,tiy,Bilic,Austronesian,Papunesia,6.75,124.17,Philippines
Tiv,tiv,Bantoid,Niger-Congo,Africa,7.5,9.0,Nigeria
Tiwa (Northern),twf,Kiowa-Tanoan,Kiowa-Tanoan,North America,36.5,-105.5,United States
Tiwi,tiw,Tiwian,Tiwian,Australia,-11.5,131.0,Australia
Tlingit,tli,Tlingit,Na-Dene,North America,59.0,-135.0,United States
Toaripi,tqo,Eleman Proper,Eleman,Papunesia,-8.33,146.25,Papua New Guinea
Toba,tob,South Guaicuruan,Guaicuruan,South America,-26.5,-59.0,Argentina
Tod,sbu,Bodic,Sino-Tibetan,Eurasia,32.42,77.25,India
Toda,tcx,Southern Dravidian,Dravidian,Eurasia,11.42,76.75,India
Tofa,kim,Turkic,Altaic,Eurasia,53.75,98.0,Russia
Tol,jic,Tol,Tol,North America,14.67,-87.0,Honduras
Tonga (in Zambia),toi,Bantoid,Niger-Congo,Africa,-17.0,27.0,Zambia
Tongan,ton,Oceanic,Austronesian,Papunesia,-21.17,-175.17,Tonga
Tonkawa,tqw,Tonkawa,Tonkawa,North America,30.25,-96.75,United States
Toro So,dts,Dogon,Dogon,Africa,14.42,-3.25,Burkina Faso
Torwali,trw,Indic,Indo-European,Eurasia,34.25,72.0,Pakistan
Totonac (Papantla),top,Totonacan,Totonacan,North America,20.33,-97.33,Mexico
Trumai,tpy,Trumai,Trumai,South America,-11.92,-53.58,Brazil
Tsafiki,cof,Barbacoan,Barbacoan,South America,-1.0,-79.33,Ecuador
Tsez,ddo,Avar-Andic-Tsezic,Nakh-Daghestanian,Eurasia,42.25,45.75,Russia
Tshangla,tsj,Bodic,Sino-Tibetan,Eurasia,27.83,92.17,Bhutan
Tsimshian (Coast),tsi,Tsimshianic,Penutian,North America,52.5,-129.0,Canada
Tsou,tsu,Tsou,Austronesian,Papunesia,23.5,120.75,Taiwan
Tsova-Tush,bbl,Nakh,Nakh-Daghestanian,Eurasia,42.5,45.5,Georgia
Tuareg (Ahaggar),thv,Berber,Afro-Asiatic,Africa,23.0,6.0,Libya
Tuareg (Air),thv,Berber,Afro-Asiatic,Africa,19.0,9.0,Niger
Tuareg (Ghat),thv,Berber,Afro-Asiatic,Africa,25.0,10.17,Libya
Tucano,tuo,Tucanoan,Tucanoan,South America,0.5,-69.17,Colombia
Tuki,bag,Bantoid,Niger-Congo,Africa,4.58,11.5,Cameroon
Tulu,tcy,Southern Dravidian,Dravidian,Eurasia,12.75,75.33,India
T�mpisa Shoshone,par,Numic,Uto-Aztecan,North America,37.0,-117.0,United States
Tunen,tvu,Bantoid,Niger-Congo,Africa,4.75,10.67,Cameroon
Tunica,tun,Tunica,Tunica,North America,32.67,-91.0,United States
Tupuri,tui,Mbumic,Niger-Congo,Africa,10.17,14.75,Chad
Turkish,tur,Turkic,Altaic,Eurasia,39.0,35.0,Turkey
Turkmen,tuk,Turkic,Altaic,Eurasia,40.0,58.0,Turkmenistan
Tuvan,tyv,Turkic,Altaic,Eurasia,52.0,95.0,Russia
Tuyuca,tue,Tucanoan,Tucanoan,South America,0.5,-70.08,Colombia
Tzeltal,tzh,Mayan,Mayan,North America,16.83,-92.25,Mexico
Tzeltal (Aguacatenango),tzh,Mayan,Mayan,North America,16.42,-92.5,Mexico
Tzeltal (Tenejapa),tzh,Mayan,Mayan,North America,16.67,-92.33,Mexico
Tzotzil,tzo,Mayan,Mayan,North America,16.5,-92.67,Mexico
Tzutujil,tzj,Mayan,Mayan,North America,14.67,-91.33,Guatemala
Udihe,ude,Tungusic,Altaic,Eurasia,47.67,136.25,Russia
Udmurt,udm,Permic,Uralic,Eurasia,57.5,52.5,Russia
Ukrainian,ukr,Slavic,Indo-European,Eurasia,49.0,33.0,Ukraine
Uldeme,udl,Biu-Mandara,Afro-Asiatic,Africa,10.95,14.12,Cameroon
Umaua,cbd,Cariban,Cariban,South America,1.0,-72.0,Colombia
UMbundu,umb,Bantoid,Niger-Congo,Africa,-12.5,15.0,Angola
Umpila,ump,Northern Pama-Nyungan,Pama-Nyungan,Australia,-13.5,143.5,Australia
Unami,unm,Algonquian,Algic,North America,40.0,-75.17,United States
Ungarinjin,ung,Worrorran,Worrorran,Australia,-16.33,126.0,Australia
Urarina,ura,Urarina,Urarina,South America,-4.5,-75.5,Peru
Urdu,urd,Indic,Indo-European,Eurasia,25.0,67.0,Pakistan
Uru,ure,Uru-Chipaya,Uru-Chipaya,South America,-16.75,-69.0,Bolivia
Urub�-Kaapor,urb,Tupi-Guaran�,Tupian,South America,-2.33,-46.5,Brazil
Usan,wnu,Madang,Trans-New Guinea,Papunesia,-4.83,145.17,Papua New Guinea
Usarufa,usa,Eastern Highlands,Trans-New Guinea,Papunesia,-6.42,145.58,Papua New Guinea
Ute,ute,Numic,Uto-Aztecan,North America,39.0,-109.0,United States
Uyghur,uig,Turkic,Altaic,Eurasia,40.0,80.0,China
Uzbek (Northern),uzn,Turkic,Altaic,Eurasia,40.67,66.5,Uzbekistan
Vagla,vag,Southern-Central Gur,Niger-Congo,Africa,9.42,-2.42,Ghana
Vai,vai,Western Mande,Mande,Africa,6.92,-11.25,Sierra Leone
Vata,dic,Kru,Niger-Congo,Africa,5.83,-5.42,C�te d'Ivoire
Veps,vep,Finnic,Uralic,Eurasia,60.0,35.0,Russia
Vietnamese,vie,Viet-Muong,Austro-Asiatic,Eurasia,10.5,106.5,Vietnam
Votic,vot,Finnic,Uralic,Eurasia,59.5,30.0,Russia
Waama,wwa,Northern-Central Gur,Niger-Congo,Africa,10.58,1.67,Benin
Wagawaga,wkw,Southeastern Pama-Nyungan,Pama-Nyungan,Australia,-26.5,152.5,Australia
Wagiman,waq,Wagiman,Wagiman,Australia,-14.0,131.25,Australia
Wai Wai,waw,Cariban,Cariban,South America,1.0,-59.0,Guyana
Waimaha,bao,Tucanoan,Tucanoan,South America,0.33,-70.25,Colombia
Wakhi,wbl,Iranian,Indo-European,Eurasia,36.5,72.0,Pakistan
Walmatjari,wmt,Western Pama-Nyungan,Pama-Nyungan,Australia,-19.5,125.75,Australia
Wambaya,wmb,Wambayan,Mirndi,Australia,-18.67,135.75,Australia
Wambon,wms,Awju-Dumut,Trans-New Guinea,Papunesia,-5.5,140.42,Indonesia
Wan,wan,Eastern Mande,Mande,Africa,7.83,-5.87,C�te d'Ivoire
Wangkangurru,wgg,Central Pama-Nyungan,Pama-Nyungan,Australia,-27.0,137.0,Australia
Wangkumara,xwk,Central Pama-Nyungan,Pama-Nyungan,Australia,-27.33,143.0,Australia
Wanman,wbt,Western Pama-Nyungan,Pama-Nyungan,Australia,-22.0,123.0,Australia
Wantoat,wnc,Finisterre-Huon,Trans-New Guinea,Papunesia,-6.17,146.5,Papua New Guinea
Waorani,auc,Waorani,Waorani,South America,-1.0,-76.5,Ecuador
Wapishana,wap,Wapishanan,Arawakan,South America,2.67,-60.0,Guyana
Wappo,wao,Wappo,Wappo-Yukian,North America,38.5,-122.5,United States
Warao,wba,Warao,Warao,South America,9.33,-61.67,Venezuela
Waray (in Australia),wrz,Warayic,Gunwinyguan,Australia,-13.17,131.25,Australia
Wardaman,wrr,Yangmanic,Yangmanic,Australia,-15.5,131.0,Australia
Warekena,gae,Alto-Orinoco,Arawakan,South America,1.5,-67.5,Colombia
Wari',pav,Chapacura-Wanham,Chapacura-Wanham,South America,-11.33,-65.0,Brazil
Waris,wrs,Border,Border,Papunesia,-3.17,141.0,Indonesia
Warlpiri,wbp,Western Pama-Nyungan,Pama-Nyungan,Australia,-20.0,132.33,Australia
Warluwara,wrb,Western Pama-Nyungan,Pama-Nyungan,Australia,-22.0,138.5,Australia
Warndarang,wnd,Warndarang,Mangarrayi-Maran,Australia,-14.42,135.58,Australia
Warrgamay,wgy,Northern Pama-Nyungan,Pama-Nyungan,Australia,-18.58,146.08,Australia
Warrongo,wrg,Northern Pama-Nyungan,Pama-Nyungan,Australia,-18.0,145.0,Australia
Warrwa,wwr,Nyulnyulan,Nyulnyulan,Australia,-17.5,123.5,Australia
Warumungu,wrm,Western Pama-Nyungan,Pama-Nyungan,Australia,-19.5,134.5,Australia
Washo,was,Washo,Washo,North America,39.25,-120.0,United States
Watjarri,wbv,Western Pama-Nyungan,Pama-Nyungan,Australia,-26.0,117.5,Australia
Waunana,noa,Choco,Choco,South America,4.0,-77.0,Colombia
Waur�,wau,Central Arawakan,Arawakan,South America,-13.0,-53.0,Brazil
Wayampi,oym,Tupi-Guaran�,Tupian,South America,1.0,-52.0,Brazil
Wayana,way,Cariban,Cariban,South America,3.25,-54.17,French Guiana
Welsh,cym,Celtic,Indo-European,Eurasia,52.0,-3.0,United Kingdom
Welsh (Colloquial),cym,Celtic,Indo-European,Eurasia,52.75,-3.58,United Kingdom
West Makian,mqs,North Halmaheran,West Papuan,Papunesia,0.5,127.58,Indonesia
Wichita,wic,Caddoan,Caddoan,North America,33.33,-97.33,United States
Wik Munkan,wim,Northern Pama-Nyungan,Pama-Nyungan,Australia,-13.92,141.75,Australia
Wik Ngathana,wig,Northern Pama-Nyungan,Pama-Nyungan,Australia,-13.92,141.5,Australia
Wirangu,wgu,Central Pama-Nyungan,Pama-Nyungan,Australia,-32.0,134.0,Australia
Wiyot,wiy,Wiyot,Algic,North America,40.83,-124.17,United States
Wobe,wob,Kru,Niger-Congo,Africa,7.42,-7.33,C�te d'Ivoire
Woisika,woi,Greater Alor,Timor-Alor-Pantar,Papunesia,-8.25,124.83,Indonesia
Wolaytta,wal,North Omotic,Afro-Asiatic,Africa,6.83,37.75,Ethiopia
Wolof,wol,Wolof,Niger-Congo,Africa,15.25,-16.0,Gambia
Worora,wro,Worrorran,Worrorran,Australia,-15.67,124.67,Australia
Wu,wuu,Chinese,Sino-Tibetan,Eurasia,31.67,119.92,China
Wyandot,wya,Northern Iroquoian,Iroquoian,North America,44.33,-77.5,Canada
Xav�nte,xav,Ge-Kaingang,Macro-Ge,South America,-15.0,-52.5,Brazil
Xer�nte,xer,Ge-Kaingang,Macro-Ge,South America,-10.0,-48.17,Brazil
Xhosa,xho,Bantoid,Niger-Congo,Africa,-32.0,27.0,South Africa
Xiriana,xir,Bahuanic,Arawakan,,2.67,-62.5,Brazil
Xokleng,xok,Ge-Kaingang,Macro-Ge,South America,-24.5,-50.0,Brazil
Yagaria,ygr,Eastern Highlands,Trans-New Guinea,Papunesia,-6.33,145.42,Papua New Guinea
Yaghnobi,yai,Iranian,Indo-European,Eurasia,39.0,69.0,Tajikistan
Yagua,yad,Peba-Yaguan,Peba-Yaguan,South America,-3.5,-72.0,Peru
Yahgan,yag,Y�mana,Y�mana,South America,-55.0,-68.0,Chile
Yakut,sah,Turkic,Altaic,Eurasia,62.0,130.0,Russia
Yalarnnga,ylr,Northern Pama-Nyungan,Pama-Nyungan,Australia,-22.0,140.0,Australia
Yamba,yam,Bantoid,Niger-Congo,Africa,6.42,11.08,Cameroon
Yaminahua,yaa,Panoan,Panoan,South America,-8.0,-73.0,Brazil
Yana,ynn,Yana,Hokan,North America,40.5,-122.0,United States
Yankuntjatjara,kdd,Western Pama-Nyungan,Pama-Nyungan,Australia,-27.0,132.0,Australia
Yanom�mi,wca,Yanomam,Yanomam,South America,2.33,-63.0,Brazil
Yansi,yns,Bantoid,Niger-Congo,Africa,-3.83,18.0,Democratic Republic of Congo
Yanyuwa,jao,Western Pama-Nyungan,Pama-Nyungan,Australia,-16.42,137.17,Australia
Yao (in Malawi),yao,Bantoid,Niger-Congo,Africa,-14.5,35.5,Mozambique
Yapese,yap,Yapese,Austronesian,Papunesia,9.58,138.17,Micronesia
Yaqui,yaq,Cahita,Uto-Aztecan,North America,27.5,-110.25,Mexico
Yareba,yrb,Yareban,Yareban,Papunesia,-9.5,148.5,Papua New Guinea
Yaruro,yae,Yaruro,Yaruro,South America,7.0,-68.0,Venezuela
Yawa,yva,Yawa,Yawa,Papunesia,-1.75,136.25,Indonesia
Yawuru,ywr,Nyulnyulan,Nyulnyulan,Australia,-18.0,122.5,Australia
Yay,pcc,Kam-Tai,Tai-Kadai,Eurasia,22.42,104.75,Vietnam
Yazva,kpv,Permic,Uralic,Eurasia,65.0,55.0,Russia
Yemba,ybb,Bantoid,Niger-Congo,Africa,5.42,10.08,Cameroon
Yemsa,jnj,North Omotic,Afro-Asiatic,Africa,7.83,37.33,Ethiopia
Yessan-Mayo,yss,Tama Sepik,Sepik,Papunesia,-4.17,142.58,Papua New Guinea
Yeyi,yey,Bantoid,Niger-Congo,Africa,-20.0,23.5,Namibia
Yiddish (Bessarabian),ydd,Germanic,Indo-European,Eurasia,47.0,28.5,Moldova
Yiddish (Lithuanian),ydd,Germanic,Indo-European,Eurasia,55.0,25.0,Lithuania
Yiddish (Lodz),ydd,Germanic,Indo-European,Eurasia,51.75,19.42,Poland
Yidiny,yii,Northern Pama-Nyungan,Pama-Nyungan,Australia,-17.0,145.75,Australia
Yil,yll,Wapei-Palei,Torricelli,Papunesia,-3.53,142.15,Papua New Guinea
Yindjibarndi,yij,Western Pama-Nyungan,Pama-Nyungan,Australia,-21.75,117.92,Australia
Yingkarta,yia,Western Pama-Nyungan,Pama-Nyungan,Australia,-25.17,114.83,Australia
Yoruba,yor,Defoid,Niger-Congo,Africa,8.0,4.33,Nigeria
Yucatec,yua,Mayan,Mayan,North America,20.0,-89.0,Mexico
Yuchi,yuc,Yuchi,Yuchi,North America,35.75,-86.75,United States
Yucuna,ycn,Inland Northern Arawakan,Arawakan,South America,-0.75,-71.0,Colombia
Yukaghir (Kolyma),yux,Yukaghir,Yukaghir,Eurasia,65.75,150.83,Russia
Yukaghir (Tundra),ykg,Yukaghir,Yukaghir,Eurasia,69.0,155.0,Russia
Yuki,yuk,Yukian,Wappo-Yukian,North America,39.67,-123.5,United States
Yukpa,yup,Cariban,Cariban,South America,10.17,-72.75,Colombia
Yukulta,gcd,Tangkic,Tangkic,Australia,-17.33,138.83,Australia
Yulparija,mpj,Western Pama-Nyungan,Pama-Nyungan,Australia,-21.0,124.0,Australia
Yulu,yul,Bongo-Bagirmi,Central Sudanic,Africa,8.5,25.25,South Sudan
Yupik (Naukan),ynk,Eskimo,Eskimo-Aleut,Eurasia,66.0,-172.0,Russia
Yupik (Siberian),ess,Eskimo,Eskimo-Aleut,Eurasia,65.0,-173.0,Russia
Yupik (St. Lawrence Island),ess,Eskimo,Eskimo-Aleut,Eurasia,63.5,-170.5,United States
Yuracare,yuz,Yuracare,Yuracare,South America,-16.58,-65.25,Bolivia
Yurok,yur,Yurok,Algic,North America,41.33,-124.0,United States
Yuruti,yui,Tucanoan,Tucanoan,South America,1.0,-70.42,Colombia
Yuwaalaraay,kld,Southeastern Pama-Nyungan,Pama-Nyungan,Australia,-29.5,148.0,Australia
Zande,zne,Ubangi,Niger-Congo,Africa,4.0,26.0,Central African Republic
Zaparo,zro,Zaparoan,Zaparoan,South America,-2.0,-76.33,Ecuador
Zapotec (Isthmus),zai,Zapotecan,Oto-Manguean,North America,16.42,-95.0,Mexico
Zapotec (San Lucas Quiavin�),zab,Zapotecan,Oto-Manguean,North America,16.9,-96.47,Mexico
Zapotec (Zoogocho),zpq,Zapotecan,Oto-Manguean,North America,17.25,-96.25,Mexico
Zarma,dje,Songhay,Songhay,Africa,13.83,2.17,Niger
Zayse,zay,North Omotic,Afro-Asiatic,Africa,5.92,37.33,Ethiopia
Zazaki,diq,Iranian,Indo-European,Eurasia,39.0,41.0,Turkey
Zoque (Chimalapa),zoh,Mixe-Zoque,Mixe-Zoque,North America,16.75,-94.75,Mexico
Zoque (Copainal�),zoc,Mixe-Zoque,Mixe-Zoque,North America,17.0,-93.25,Mexico
Zoque (Ostuacan),zoc,Mixe-Zoque,Mixe-Zoque,North America,17.42,-93.3,Mexico
Zulu,zul,Bantoid,Niger-Congo,Africa,-30.0,30.0,South Africa
Zulu (Northern),zul,Bantoid,Niger-Congo,Africa,-28.0,31.0,South Africa
Zulu (Southern),zul,Bantoid,Niger-Congo,Africa,-31.0,30.0,South Africa
Zuni,zun,Zuni,Zuni,North America,35.08,-108.83,United States
